keyword,estimated_intent,category,type,notes,search_volume,kd,cpc_eur,serp_features,priority_score,data_source,keyword_clean,orig_cluster_name,hdb,hier10,hier12,hdb_label,hdb_label_de,sub_cluster,sub_x,sub_y
debitorenmanagement,informational,cluster_05,head,Aufgabe,4929,54,0.77,video,91.3,estimated,debitorenmanagement,Liquiditaet & Factoring,1,3,3,Industry & labour law catch-all,Branche & Arbeitsrecht (Sammelbecken),2,3.139881,-7.837932
equal pay zeitarbeit,informational,cluster_06,head,Begriff,3331,37,1.16,video,90.0,estimated,equal pay zeitarbeit,AUEG & Rechtssicherheit,1,3,3,Industry & labour law catch-all,Branche & Arbeitsrecht (Sammelbecken),2,4.207631,-6.914262
höchstüberlassungsdauer,informational,cluster_06,head,Begriff,3959,51,1.87,people-also-ask,77.6,estimated,höchstüberlassungsdauer,AUEG & Rechtssicherheit,1,3,3,Industry & labour law catch-all,Branche & Arbeitsrecht (Sammelbecken),1,0.6570321,-7.0026793
arbeitnehmerüberlassungsgesetz,informational,cluster_06,head,Gesetz,2910,40,2.23,featured-snippet|people-also-ask,72.8,estimated,arbeitnehmerüberlassungsgesetz,AUEG & Rechtssicherheit,1,2,2,Industry & labour law catch-all,Branche & Arbeitsrecht (Sammelbecken),0,4.993103,-8.370306
arbeitnehmerüberlassung,informational,cluster_06,head,Begriff,4131,66,2.24,people-also-ask,62.6,estimated,arbeitnehmerüberlassung,AUEG & Rechtssicherheit,1,2,2,Industry & labour law catch-all,Branche & Arbeitsrecht (Sammelbecken),0,5.050508,-8.460512
zeitarbeit programm,commercial,cluster_01,head,Synonym,3980,79,6.78,shopping|site-links,50.4,estimated,zeitarbeit programm,Zeitarbeitssoftware & zvoove One,1,1,1,Industry & labour law catch-all,Branche & Arbeitsrecht (Sammelbecken),3,0.053120233,-9.729824
zeitarbeit branche entwicklung,informational,cluster_10,head,Marktanalyse,2456,56,0.68,people-also-ask|video,43.9,estimated,zeitarbeit branche entwicklung,Branchentrends & Marktentwicklung,1,1,1,Industry & labour law catch-all,Branche & Arbeitsrecht (Sammelbecken),3,1.1156963,-9.551444
igz tarifvertrag aktuell,informational,cluster_10,body,Tarif,700,17,1.76,people-also-ask,41.2,estimated,igz tarifvertrag aktuell,Branchentrends & Marktentwicklung,1,3,3,Industry & labour law catch-all,Branche & Arbeitsrecht (Sammelbecken),1,2.3080194,-6.6705427
zahlungsausfall absichern,informational,cluster_05,body,Risiko,769,20,2.27,people-also-ask,38.5,estimated,zahlungsausfall absichern,Liquiditaet & Factoring,1,3,3,Industry & labour law catch-all,Branche & Arbeitsrecht (Sammelbecken),2,3.1742113,-7.456568
factoring zeitarbeit,commercial,cluster_05,head,Hauptbegriff,2219,85,8.96,shopping,26.1,estimated,factoring zeitarbeit,Liquiditaet & Factoring,1,1,1,Industry & labour law catch-all,Branche & Arbeitsrecht (Sammelbecken),3,1.0499638,-8.488338
auslastung zeitarbeit erhöhen,informational,cluster_11,longtail,KPI,176,7,2.44,featured-snippet,25.1,estimated,auslastung zeitarbeit erhöhen,Kundenreferenzen & ROI,1,1,1,Industry & labour law catch-all,Branche & Arbeitsrecht (Sammelbecken),3,1.6824127,-8.775193
lohnbuchhaltung zeitarbeit,informational,cluster_02,body,Buchhaltung,549,24,1.95,video,22.9,estimated,lohnbuchhaltung zeitarbeit,Lohnabrechnung & Payroll,1,1,1,Industry & labour law catch-all,Branche & Arbeitsrecht (Sammelbecken),3,0.57822126,-10.799559
arbeitszeugnis erstellen zeitarbeit,informational,cluster_09,longtail,Aufgabe,177,8,2.29,featured-snippet|people-also-ask|video,22.1,estimated,arbeitszeugnis erstellen zeitarbeit,HR & Mitarbeiterverwaltung,1,2,2,Industry & labour law catch-all,Branche & Arbeitsrecht (Sammelbecken),3,2.8980088,-9.481831
arbeitsmarkt 2026,informational,cluster_10,body,Trend,417,19,1.91,people-also-ask,21.9,estimated,arbeitsmarkt 2026,Branchentrends & Marktentwicklung,1,2,2,Industry & labour law catch-all,Branche & Arbeitsrecht (Sammelbecken),0,5.5170107,-7.467057
weiterbildung zeitarbeit,informational,cluster_09,body,Trend,534,28,0.97,featured-snippet|people-also-ask,19.1,estimated,weiterbildung zeitarbeit,HR & Mitarbeiterverwaltung,1,1,1,Industry & labour law catch-all,Branche & Arbeitsrecht (Sammelbecken),3,1.0978763,-9.636201
crm zeitarbeit,commercial,cluster_07,head,Tool,1360,81,8.83,shopping|site-links,16.8,estimated,crm zeitarbeit,Digitalisierung & Cloud in der Personaldienstleistung,1,1,1,Industry & labour law catch-all,Branche & Arbeitsrecht (Sammelbecken),3,0.22056603,-9.017252
equal pay berechnen,informational,cluster_06,longtail,Wie-Frage,131,8,1.3,video,16.4,estimated,equal pay berechnen,AUEG & Rechtssicherheit,1,3,3,Industry & labour law catch-all,Branche & Arbeitsrecht (Sammelbecken),2,4.165316,-6.8987274
mitarbeiter onboarding zeitarbeit,informational,cluster_09,longtail,Prozess,163,10,0.46,featured-snippet,16.3,estimated,mitarbeiter onboarding zeitarbeit,HR & Mitarbeiterverwaltung,1,2,2,Industry & labour law catch-all,Branche & Arbeitsrecht (Sammelbecken),0,4.1714034,-9.825705
zukunft zeitarbeit,informational,cluster_10,body,Trend,631,39,0.65,featured-snippet|people-also-ask,16.2,estimated,zukunft zeitarbeit,Branchentrends & Marktentwicklung,1,1,1,Industry & labour law catch-all,Branche & Arbeitsrecht (Sammelbecken),3,1.0210215,-10.27855
disposition zeitarbeitnehmer,informational,cluster_04,body,Funktion,395,26,1.67,video,15.2,estimated,disposition zeitarbeitnehmer,Zeiterfassung & Disposition,1,2,2,Industry & labour law catch-all,Branche & Arbeitsrecht (Sammelbecken),0,3.9091182,-9.805026
zeiterfassung handwerk,commercial,cluster_04,body,Branche,618,41,8.2,ads|shopping,15.1,estimated,zeiterfassung handwerk,Zeiterfassung & Disposition,1,1,1,Industry & labour law catch-all,Branche & Arbeitsrecht (Sammelbecken),3,-0.9093484,-9.824639
liquidität zeitarbeit,informational,cluster_05,body,Branchenproblem,719,48,2.0,featured-snippet|people-also-ask|video,15.0,estimated,liquidität zeitarbeit,Liquiditaet & Factoring,1,3,3,Industry & labour law catch-all,Branche & Arbeitsrecht (Sammelbecken),1,1.1651857,-7.6805263
diversity zeitarbeit,informational,cluster_10,body,Trend,325,22,1.62,people-also-ask|video,14.8,estimated,diversity zeitarbeit,Branchentrends & Marktentwicklung,1,1,1,Industry & labour law catch-all,Branche & Arbeitsrecht (Sammelbecken),3,1.6112531,-9.923373
abrechnung zeitarbeitnehmer,informational,cluster_02,body,Synonym,280,19,1.09,featured-snippet|video,14.7,estimated,abrechnung zeitarbeitnehmer,Lohnabrechnung & Payroll,1,2,2,Industry & labour law catch-all,Branche & Arbeitsrecht (Sammelbecken),0,3.8293831,-9.802914
tariflandschaft zeitarbeit,informational,cluster_10,body,Tarif,701,50,1.52,people-also-ask|video,14.0,estimated,tariflandschaft zeitarbeit,Branchentrends & Marktentwicklung,1,3,3,Industry & labour law catch-all,Branche & Arbeitsrecht (Sammelbecken),1,1.964348,-7.190429
betriebsrat zeitarbeit,informational,cluster_06,body,Mitbestimmung,353,26,1.24,featured-snippet,13.6,estimated,betriebsrat zeitarbeit,AUEG & Rechtssicherheit,1,1,1,Industry & labour law catch-all,Branche & Arbeitsrecht (Sammelbecken),3,2.1623454,-9.28558
einsatzplanung zeitarbeit,commercial,cluster_04,body,Funktion,658,49,2.95,ads,13.4,estimated,einsatzplanung zeitarbeit,Zeiterfassung & Disposition,1,1,1,Industry & labour law catch-all,Branche & Arbeitsrecht (Sammelbecken),3,1.0952567,-9.249118
erp zeitarbeit,commercial,cluster_01,body,Kategoriebegriff,565,43,11.83,shopping,13.1,estimated,erp zeitarbeit,Zeitarbeitssoftware & zvoove One,1,1,1,Industry & labour law catch-all,Branche & Arbeitsrecht (Sammelbecken),3,0.7434344,-10.599015
fluktuation senken zeitarbeit,informational,cluster_09,longtail,Strategie,117,9,1.05,featured-snippet,13.0,estimated,fluktuation senken zeitarbeit,HR & Mitarbeiterverwaltung,1,1,1,Industry & labour law catch-all,Branche & Arbeitsrecht (Sammelbecken),3,1.135425,-8.438543
equal treatment zeitarbeit,informational,cluster_06,body,Synonym,594,46,0.73,featured-snippet|people-also-ask,12.9,estimated,equal treatment zeitarbeit,AUEG & Rechtssicherheit,1,1,1,Industry & labour law catch-all,Branche & Arbeitsrecht (Sammelbecken),3,1.9997019,-8.765387
lohnsteuer zeitarbeit,informational,cluster_02,body,Steuerfrage,663,52,0.74,featured-snippet|video,12.8,estimated,lohnsteuer zeitarbeit,Lohnabrechnung & Payroll,1,3,3,Industry & labour law catch-all,Branche & Arbeitsrecht (Sammelbecken),1,2.204307,-7.328326
deckungsbeitrag zeitarbeit,informational,cluster_11,body,KPI,560,44,1.98,featured-snippet|people-also-ask,12.7,estimated,deckungsbeitrag zeitarbeit,Kundenreferenzen & ROI,1,1,1,Industry & labour law catch-all,Branche & Arbeitsrecht (Sammelbecken),3,1.2155143,-8.477583
saas zeitarbeit,commercial,cluster_01,body,Liefermodell,707,56,5.76,ads|shopping|site-links,12.6,estimated,saas zeitarbeit,Zeitarbeitssoftware & zvoove One,1,1,1,Industry & labour law catch-all,Branche & Arbeitsrecht (Sammelbecken),3,0.95027924,-10.464678
arbeitsschutz zeitarbeit,informational,cluster_06,body,Pflicht,464,37,1.46,people-also-ask,12.5,estimated,arbeitsschutz zeitarbeit,AUEG & Rechtssicherheit,1,2,2,Industry & labour law catch-all,Branche & Arbeitsrecht (Sammelbecken),0,4.6035523,-8.85566
gesetzliche abzüge lohn,informational,cluster_02,body,Wissensfrage,538,43,2.32,featured-snippet|video,12.5,estimated,gesetzliche abzüge lohn,Lohnabrechnung & Payroll,1,3,3,Industry & labour law catch-all,Branche & Arbeitsrecht (Sammelbecken),1,1.6304646,-6.406514
ausbildung zeitarbeit,informational,cluster_09,body,Strategie,617,50,0.74,people-also-ask,12.3,estimated,ausbildung zeitarbeit,HR & Mitarbeiterverwaltung,1,1,1,Industry & labour law catch-all,Branche & Arbeitsrecht (Sammelbecken),3,0.78256136,-9.915201
zeiterfassung pflege,commercial,cluster_04,body,Branche,629,52,8.36,ads|shopping,12.1,estimated,zeiterfassung pflege,Zeiterfassung & Disposition,1,1,1,Industry & labour law catch-all,Branche & Arbeitsrecht (Sammelbecken),3,-0.35976368,-9.68154
lohnabrechnung zeitarbeit,commercial,cluster_02,head,Hauptbegriff,851,72,11.92,ads|site-links,11.8,estimated,lohnabrechnung zeitarbeit,Lohnabrechnung & Payroll,1,1,1,Industry & labour law catch-all,Branche & Arbeitsrecht (Sammelbecken),3,0.5545508,-10.8247175
einkommensteuer zeitarbeit,informational,cluster_02,body,Steuerfrage,591,50,1.53,featured-snippet|people-also-ask|video,11.8,estimated,einkommensteuer zeitarbeit,Lohnabrechnung & Payroll,1,2,2,Industry & labour law catch-all,Branche & Arbeitsrecht (Sammelbecken),1,2.374691,-7.375158
demografischer wandel arbeitsmarkt,informational,cluster_10,longtail,Trend,164,14,0.57,featured-snippet,11.7,estimated,demografischer wandel arbeitsmarkt,Branchentrends & Marktentwicklung,1,2,2,Industry & labour law catch-all,Branche & Arbeitsrecht (Sammelbecken),0,5.4178658,-7.8612432
inkasso zeitarbeit,commercial,cluster_05,body,Service,454,40,5.29,ads|shopping,11.3,estimated,inkasso zeitarbeit,Liquiditaet & Factoring,1,1,1,Industry & labour law catch-all,Branche & Arbeitsrecht (Sammelbecken),3,0.6849379,-9.615347
employer branding zeitarbeit,informational,cluster_03,longtail,Marketing,187,17,2.4,featured-snippet,11.0,estimated,employer branding zeitarbeit,Recruiting & Bewerbermanagement,1,2,2,Industry & labour law catch-all,Branche & Arbeitsrecht (Sammelbecken),0,4.72262,-9.295562
zoll prüfung zeitarbeit,informational,cluster_06,longtail,Audit,162,15,0.93,featured-snippet,10.8,estimated,zoll prüfung zeitarbeit,AUEG & Rechtssicherheit,1,1,1,Industry & labour law catch-all,Branche & Arbeitsrecht (Sammelbecken),3,2.2239087,-10.673972
active sourcing zeitarbeit,informational,cluster_03,longtail,Methode,106,10,1.9,featured-snippet|people-also-ask,10.6,estimated,active sourcing zeitarbeit,Recruiting & Bewerbermanagement,1,1,1,Industry & labour law catch-all,Branche & Arbeitsrecht (Sammelbecken),3,2.0118096,-9.414669
remote work trends,informational,cluster_10,body,Trend,332,32,1.04,video,10.4,estimated,remote work trends,Branchentrends & Marktentwicklung,1,2,2,Industry & labour law catch-all,Branche & Arbeitsrecht (Sammelbecken),0,3.5029352,-9.490328
mindestlohngesetz zeitarbeit,informational,cluster_06,body,Gesetz,296,30,2.45,people-also-ask|video,9.9,estimated,mindestlohngesetz zeitarbeit,AUEG & Rechtssicherheit,1,2,2,Industry & labour law catch-all,Branche & Arbeitsrecht (Sammelbecken),-1,3.683223,-8.2712965
höchstüberlassungsdauer ausnahmen,informational,cluster_06,longtail,Spezialfall,108,11,2.04,featured-snippet,9.8,estimated,höchstüberlassungsdauer ausnahmen,AUEG & Rechtssicherheit,1,3,3,Industry & labour law catch-all,Branche & Arbeitsrecht (Sammelbecken),1,0.8681944,-6.9479237
zeitarbeit prüfung agentur arbeit,informational,cluster_06,longtail,Audit,175,18,2.04,featured-snippet,9.7,estimated,zeitarbeit prüfung agentur arbeit,AUEG & Rechtssicherheit,1,1,1,Industry & labour law catch-all,Branche & Arbeitsrecht (Sammelbecken),3,2.4527802,-10.715316
arbeitszeitkonto führen,informational,cluster_04,body,Aufgabe,376,39,2.02,people-also-ask,9.6,estimated,arbeitszeitkonto führen,Zeiterfassung & Disposition,1,2,2,Industry & labour law catch-all,Branche & Arbeitsrecht (Sammelbecken),0,3.9457047,-9.3949
equal pay nach 9 monaten,informational,cluster_06,longtail,Frist,190,20,0.55,people-also-ask,9.5,estimated,equal pay nach 9 monaten,AUEG & Rechtssicherheit,1,3,3,Industry & labour law catch-all,Branche & Arbeitsrecht (Sammelbecken),2,4.2672606,-6.827682
on premise zeitarbeit ablösen,informational,cluster_07,longtail,Migration,95,10,0.73,people-also-ask|video,9.5,estimated,on premise zeitarbeit ablösen,Digitalisierung & Cloud in der Personaldienstleistung,1,1,1,Industry & labour law catch-all,Branche & Arbeitsrecht (Sammelbecken),3,1.3233812,-10.033016
zeitarbeit dsgvo,informational,cluster_06,body,Compliance,396,42,1.61,featured-snippet,9.4,estimated,zeitarbeit dsgvo,AUEG & Rechtssicherheit,1,1,1,Industry & labour law catch-all,Branche & Arbeitsrecht (Sammelbecken),3,-0.12866563,-9.892545
arbeitgeberanteile sozialversicherung,informational,cluster_02,body,Wissensfrage,420,46,2.32,featured-snippet,9.1,estimated,arbeitgeberanteile sozialversicherung,Lohnabrechnung & Payroll,1,2,2,Industry & labour law catch-all,Branche & Arbeitsrecht (Sammelbecken),0,4.5755663,-8.060923
aüg 2026,informational,cluster_06,longtail,Aktuell,108,12,0.84,featured-snippet|people-also-ask,9.0,estimated,aüg 2026,AUEG & Rechtssicherheit,1,3,3,Industry & labour law catch-all,Branche & Arbeitsrecht (Sammelbecken),0,5.675169,-6.790493
aüg erlaubnis beantragen,informational,cluster_06,longtail,Verfahren,147,17,1.13,people-also-ask|video,8.6,estimated,aüg erlaubnis beantragen,AUEG & Rechtssicherheit,1,3,3,Industry & labour law catch-all,Branche & Arbeitsrecht (Sammelbecken),1,1.2324919,-6.2523975
gehaltsabrechnung zeitarbeit,informational,cluster_02,body,Synonym,293,35,2.06,featured-snippet|people-also-ask,8.4,estimated,gehaltsabrechnung zeitarbeit,Lohnabrechnung & Payroll,1,1,1,Industry & labour law catch-all,Branche & Arbeitsrecht (Sammelbecken),3,1.5914356,-8.890279
personalcontrolling zeitarbeit,informational,cluster_09,longtail,Methode,109,13,0.35,people-also-ask,8.4,estimated,personalcontrolling zeitarbeit,HR & Mitarbeiterverwaltung,1,1,1,Industry & labour law catch-all,Branche & Arbeitsrecht (Sammelbecken),3,-0.22787206,-9.553053
zeiterfassung zeitarbeit,commercial,cluster_04,body,Spezialisierung,575,69,9.41,ads,8.3,estimated,zeiterfassung zeitarbeit,Zeiterfassung & Disposition,1,1,1,Industry & labour law catch-all,Branche & Arbeitsrecht (Sammelbecken),3,0.5278258,-9.083116
zahlungsziele kunden,informational,cluster_05,body,Cashflow,433,53,1.83,featured-snippet,8.2,estimated,zahlungsziele kunden,Liquiditaet & Factoring,1,3,3,Industry & labour law catch-all,Branche & Arbeitsrecht (Sammelbecken),2,3.1171849,-7.6453824
zeitarbeit krise,informational,cluster_10,body,Marktlage,333,41,1.36,featured-snippet|video,8.1,estimated,zeitarbeit krise,Branchentrends & Marktentwicklung,1,2,2,Industry & labour law catch-all,Branche & Arbeitsrecht (Sammelbecken),0,3.8129792,-9.038894
bap tarif aktuell,informational,cluster_10,body,Tarif,338,42,0.65,featured-snippet|video,8.0,estimated,bap tarif aktuell,Branchentrends & Marktentwicklung,1,3,3,Industry & labour law catch-all,Branche & Arbeitsrecht (Sammelbecken),2,2.8337421,-7.0829988
zeitarbeit europa,informational,cluster_10,body,Marktanalyse,184,23,2.27,video,8.0,estimated,zeitarbeit europa,Branchentrends & Marktentwicklung,1,1,1,Industry & labour law catch-all,Branche & Arbeitsrecht (Sammelbecken),3,0.5158154,-9.922587
chatgpt zeitarbeit,informational,cluster_12,longtail,Trend,127,16,2.28,people-also-ask,7.9,estimated,chatgpt zeitarbeit,KI & Automatisierung im Recruiting,1,1,1,Industry & labour law catch-all,Branche & Arbeitsrecht (Sammelbecken),3,0.063295975,-10.15304
brutto netto rechner zeitarbeit,informational,cluster_02,longtail,Tool-Suche,78,10,1.01,people-also-ask|video,7.8,estimated,brutto netto rechner zeitarbeit,Lohnabrechnung & Payroll,1,1,1,Industry & labour law catch-all,Branche & Arbeitsrecht (Sammelbecken),3,-0.30881834,-10.003315
stundenerfassung baustelle,informational,cluster_04,longtail,Branche,86,11,2.0,featured-snippet|people-also-ask|video,7.8,estimated,stundenerfassung baustelle,Zeiterfassung & Disposition,1,1,1,Industry & labour law catch-all,Branche & Arbeitsrecht (Sammelbecken),3,1.4036268,-8.666324
gen z arbeitswelt,informational,cluster_10,longtail,Trend,92,12,1.94,video,7.7,estimated,gen z arbeitswelt,Branchentrends & Marktentwicklung,1,2,2,Industry & labour law catch-all,Branche & Arbeitsrecht (Sammelbecken),0,5.352401,-8.086085
zeiterfassung pflicht 2026,informational,cluster_04,longtail,Gesetz,82,11,1.63,people-also-ask|video,7.5,estimated,zeiterfassung pflicht 2026,Zeiterfassung & Disposition,1,3,3,Industry & labour law catch-all,Branche & Arbeitsrecht (Sammelbecken),0,5.695344,-6.744594
sonntagszuschlag zeitarbeit,informational,cluster_02,longtail,Wissensfrage,160,22,1.37,people-also-ask|video,7.3,estimated,sonntagszuschlag zeitarbeit,Lohnabrechnung & Payroll,1,1,1,Industry & labour law catch-all,Branche & Arbeitsrecht (Sammelbecken),3,2.2467928,-10.085109
new work zeitarbeit,informational,cluster_10,longtail,Trend,114,16,0.66,people-also-ask,7.1,estimated,new work zeitarbeit,Branchentrends & Marktentwicklung,1,2,2,Industry & labour law catch-all,Branche & Arbeitsrecht (Sammelbecken),3,2.8561494,-9.60031
fachkräftemangel zeitarbeit,informational,cluster_03,body,Branchenproblem,276,40,0.65,people-also-ask,6.9,estimated,fachkräftemangel zeitarbeit,Recruiting & Bewerbermanagement,1,2,2,Industry & labour law catch-all,Branche & Arbeitsrecht (Sammelbecken),0,3.8524199,-9.132772
gesetzliche zeiterfassungspflicht,informational,cluster_04,body,Gesetz,223,33,1.49,featured-snippet|video,6.8,estimated,gesetzliche zeiterfassungspflicht,Zeiterfassung & Disposition,1,3,3,Industry & labour law catch-all,Branche & Arbeitsrecht (Sammelbecken),1,1.7166367,-6.7830935
bewerbermanagement zeitarbeit,commercial,cluster_03,body,Spezialisierung,500,74,6.55,shopping|site-links,6.8,estimated,bewerbermanagement zeitarbeit,Recruiting & Bewerbermanagement,1,1,1,Industry & labour law catch-all,Branche & Arbeitsrecht (Sammelbecken),3,1.9388068,-8.963004
dms zeitarbeit,commercial,cluster_07,body,Tool,244,37,7.42,site-links,6.6,estimated,dms zeitarbeit,Digitalisierung & Cloud in der Personaldienstleistung,1,1,1,Industry & labour law catch-all,Branche & Arbeitsrecht (Sammelbecken),3,0.28659025,-9.870667
arbeitszeitgesetz zeitarbeit,informational,cluster_04,longtail,Gesetz,159,24,2.35,featured-snippet,6.6,estimated,arbeitszeitgesetz zeitarbeit,Zeiterfassung & Disposition,1,2,2,Industry & labour law catch-all,Branche & Arbeitsrecht (Sammelbecken),0,4.414557,-8.699242
aüg statistik meldung,informational,cluster_06,longtail,Pflicht,168,26,0.75,featured-snippet|video,6.5,estimated,aüg statistik meldung,AUEG & Rechtssicherheit,1,3,3,Industry & labour law catch-all,Branche & Arbeitsrecht (Sammelbecken),3,0.34800854,-7.9480877
factoring vorteile zeitarbeit,informational,cluster_05,longtail,Nutzen,163,26,2.15,featured-snippet,6.3,estimated,factoring vorteile zeitarbeit,Liquiditaet & Factoring,1,1,1,Industry & labour law catch-all,Branche & Arbeitsrecht (Sammelbecken),3,1.0314533,-8.403897
tarifvertrag zeitarbeit lohn,informational,cluster_02,longtail,Tarif,81,13,1.37,people-also-ask|video,6.2,estimated,tarifvertrag zeitarbeit lohn,Lohnabrechnung & Payroll,1,3,3,Industry & labour law catch-all,Branche & Arbeitsrecht (Sammelbecken),1,2.2183259,-6.9628544
zeitarbeit checkliste compliance,informational,cluster_06,longtail,Vorlage,185,30,0.36,featured-snippet,6.2,estimated,zeitarbeit checkliste compliance,AUEG & Rechtssicherheit,1,1,1,Industry & labour law catch-all,Branche & Arbeitsrecht (Sammelbecken),3,2.435306,-10.659177
arbeitgeberattraktivität zeitarbeit,informational,cluster_10,longtail,Marketing,111,18,1.07,featured-snippet|people-also-ask,6.2,estimated,arbeitgeberattraktivität zeitarbeit,Branchentrends & Marktentwicklung,1,2,2,Industry & labour law catch-all,Branche & Arbeitsrecht (Sammelbecken),0,4.22898,-9.071596
total cost ownership erp,informational,cluster_11,longtail,Business Case,196,32,2.4,featured-snippet|video,6.1,estimated,total cost ownership erp,Kundenreferenzen & ROI,1,3,3,Industry & labour law catch-all,Branche & Arbeitsrecht (Sammelbecken),2,3.1353967,-7.0791936
single sign on zeitarbeit,commercial,cluster_07,longtail,Tech,173,29,7.4,shopping|site-links,6.0,estimated,single sign on zeitarbeit,Digitalisierung & Cloud in der Personaldienstleistung,1,1,1,Industry & labour law catch-all,Branche & Arbeitsrecht (Sammelbecken),3,0.32705662,-10.553838
prozesskosten senken zeitarbeit,informational,cluster_11,longtail,Strategie,197,34,0.56,video,5.8,estimated,prozesskosten senken zeitarbeit,Kundenreferenzen & ROI,1,1,1,Industry & labour law catch-all,Branche & Arbeitsrecht (Sammelbecken),2,1.9248154,-8.228572
urlaubsgeld zeitarbeit,informational,cluster_02,body,Wissensfrage,86,15,1.63,featured-snippet|people-also-ask|video,5.7,estimated,urlaubsgeld zeitarbeit,Lohnabrechnung & Payroll,1,2,2,Industry & labour law catch-all,Branche & Arbeitsrecht (Sammelbecken),0,3.5486963,-9.575422
inklusion zeitarbeit,informational,cluster_10,body,Trend,187,33,1.72,people-also-ask,5.7,estimated,inklusion zeitarbeit,Branchentrends & Marktentwicklung,1,1,1,Industry & labour law catch-all,Branche & Arbeitsrecht (Sammelbecken),3,1.7727528,-9.839259
flexibler arbeitsmarkt,informational,cluster_10,body,Trend,260,46,2.47,featured-snippet|video,5.7,estimated,flexibler arbeitsmarkt,Branchentrends & Marktentwicklung,1,2,2,Industry & labour law catch-all,Branche & Arbeitsrecht (Sammelbecken),0,5.2413673,-7.982827
gefährdungsbeurteilung zeitarbeit,informational,cluster_06,longtail,Pflicht,189,33,0.5,featured-snippet|people-also-ask|video,5.7,estimated,gefährdungsbeurteilung zeitarbeit,AUEG & Rechtssicherheit,1,1,1,Industry & labour law catch-all,Branche & Arbeitsrecht (Sammelbecken),3,0.6196105,-8.210822
zeitarbeitsbranche 2026,informational,cluster_10,longtail,Aktuell,190,34,0.99,featured-snippet,5.6,estimated,zeitarbeitsbranche 2026,Branchentrends & Marktentwicklung,1,3,3,Industry & labour law catch-all,Branche & Arbeitsrecht (Sammelbecken),0,5.5818553,-7.1223927
aüg erlaubnis kosten,informational,cluster_06,longtail,Pricing,176,32,1.5,featured-snippet|video,5.5,estimated,aüg erlaubnis kosten,AUEG & Rechtssicherheit,1,3,3,Industry & labour law catch-all,Branche & Arbeitsrecht (Sammelbecken),2,2.8319242,-7.098237
mitarbeitermotivation zeitarbeit,informational,cluster_09,longtail,Strategie,144,26,1.57,featured-snippet|video,5.5,estimated,mitarbeitermotivation zeitarbeit,HR & Mitarbeiterverwaltung,1,2,2,Industry & labour law catch-all,Branche & Arbeitsrecht (Sammelbecken),0,4.5211287,-9.631458
mindestlohn entwicklung 2026,informational,cluster_10,longtail,Politik,121,22,0.42,people-also-ask,5.5,estimated,mindestlohn entwicklung 2026,Branchentrends & Marktentwicklung,1,3,3,Industry & labour law catch-all,Branche & Arbeitsrecht (Sammelbecken),0,5.797893,-6.714351
weihnachtsgeld zeitarbeitnehmer,informational,cluster_02,longtail,Wissensfrage,113,21,0.36,featured-snippet|video,5.4,estimated,weihnachtsgeld zeitarbeitnehmer,Lohnabrechnung & Payroll,1,2,2,Industry & labour law catch-all,Branche & Arbeitsrecht (Sammelbecken),0,3.4433467,-9.901891
mitarbeiterzufriedenheit messen,informational,cluster_09,longtail,Methode,158,30,2.32,featured-snippet|people-also-ask,5.3,estimated,mitarbeiterzufriedenheit messen,HR & Mitarbeiterverwaltung,1,2,2,Industry & labour law catch-all,Branche & Arbeitsrecht (Sammelbecken),0,4.570883,-9.648985
sanktionen aüg verstoß,informational,cluster_06,longtail,Risiko,165,31,1.92,featured-snippet|people-also-ask,5.3,estimated,sanktionen aüg verstoß,AUEG & Rechtssicherheit,1,3,3,Industry & labour law catch-all,Branche & Arbeitsrecht (Sammelbecken),1,2.006012,-6.449079
gesundheitsuntersuchung zeitarbeit,informational,cluster_06,longtail,Pflicht,147,29,2.01,people-also-ask,5.1,estimated,gesundheitsuntersuchung zeitarbeit,AUEG & Rechtssicherheit,1,1,1,Industry & labour law catch-all,Branche & Arbeitsrecht (Sammelbecken),3,2.1200414,-8.922563
höchstüberlassungsdauer tarifvertrag,informational,cluster_06,longtail,Tarif,152,30,2.11,people-also-ask|video,5.1,estimated,höchstüberlassungsdauer tarifvertrag,AUEG & Rechtssicherheit,1,3,3,Industry & labour law catch-all,Branche & Arbeitsrecht (Sammelbecken),1,1.9897335,-6.3723135
zeiterfassung dsgvo,informational,cluster_04,longtail,Compliance,150,30,1.71,featured-snippet|people-also-ask,5.0,estimated,zeiterfassung dsgvo,Zeiterfassung & Disposition,1,1,1,Industry & labour law catch-all,Branche & Arbeitsrecht (Sammelbecken),3,-1.0473913,-9.971757
bgm zeitarbeit,informational,cluster_09,body,Strategie,165,33,2.02,featured-snippet|people-also-ask,5.0,estimated,bgm zeitarbeit,HR & Mitarbeiterverwaltung,1,1,1,Industry & labour law catch-all,Branche & Arbeitsrecht (Sammelbecken),3,2.142695,-9.808017
working capital zeitarbeit,informational,cluster_05,longtail,Finanzbegriff,84,17,1.68,people-also-ask|video,4.9,estimated,working capital zeitarbeit,Liquiditaet & Factoring,1,2,2,Industry & labour law catch-all,Branche & Arbeitsrecht (Sammelbecken),0,4.0039654,-9.416782
aüg statistik wann,informational,cluster_06,longtail,Frist,166,34,2.0,featured-snippet|people-also-ask|video,4.9,estimated,aüg statistik wann,AUEG & Rechtssicherheit,1,3,3,Industry & labour law catch-all,Branche & Arbeitsrecht (Sammelbecken),3,0.31951165,-8.035164
nachtzuschlag zeitarbeit,informational,cluster_02,longtail,Wissensfrage,89,19,2.48,featured-snippet|people-also-ask|video,4.7,estimated,nachtzuschlag zeitarbeit,Lohnabrechnung & Payroll,1,1,1,Industry & labour law catch-all,Branche & Arbeitsrecht (Sammelbecken),3,1.7393887,-9.521761
überlassungsvertrag inhalt,informational,cluster_06,longtail,Wissen,175,37,2.5,people-also-ask|video,4.7,estimated,überlassungsvertrag inhalt,AUEG & Rechtssicherheit,1,3,3,Industry & labour law catch-all,Branche & Arbeitsrecht (Sammelbecken),1,1.612955,-6.2427807
finanzierung zeitarbeitsfirma,informational,cluster_05,body,Bedarf,200,43,1.11,featured-snippet,4.7,estimated,finanzierung zeitarbeitsfirma,Liquiditaet & Factoring,1,2,2,Industry & labour law catch-all,Branche & Arbeitsrecht (Sammelbecken),-1,3.1347659,-8.429022
mitarbeiter werben zeitarbeit,informational,cluster_03,longtail,Recruiting-Aufgabe,106,23,0.37,featured-snippet|people-also-ask,4.6,estimated,mitarbeiter werben zeitarbeit,Recruiting & Bewerbermanagement,1,2,2,Industry & labour law catch-all,Branche & Arbeitsrecht (Sammelbecken),0,4.3806186,-9.721323
employer branding kmu,informational,cluster_03,longtail,Segment,182,40,2.16,featured-snippet|video,4.5,estimated,employer branding kmu,Recruiting & Bewerbermanagement,1,2,2,Industry & labour law catch-all,Branche & Arbeitsrecht (Sammelbecken),0,5.1561728,-8.907084
factoring gebühren,commercial,cluster_05,body,Pricing,222,51,8.92,site-links,4.4,estimated,factoring gebühren,Liquiditaet & Factoring,1,3,3,Industry & labour law catch-all,Branche & Arbeitsrecht (Sammelbecken),2,3.0594535,-7.4274354
zeiterfassung baustelle,commercial,cluster_04,longtail,Branche,129,31,8.8,ads|shopping,4.2,estimated,zeiterfassung baustelle,Zeiterfassung & Disposition,1,1,1,Industry & labour law catch-all,Branche & Arbeitsrecht (Sammelbecken),3,-0.8520768,-9.872136
hr kennzahlen zeitarbeit,informational,cluster_09,longtail,KPI,131,32,1.17,people-also-ask,4.1,estimated,hr kennzahlen zeitarbeit,HR & Mitarbeiterverwaltung,1,1,1,Industry & labour law catch-all,Branche & Arbeitsrecht (Sammelbecken),3,1.3367358,-10.523604
stellenanzeige vorlage zeitarbeit,informational,cluster_03,longtail,Vorlage,49,12,0.8,featured-snippet|people-also-ask,4.1,estimated,stellenanzeige vorlage zeitarbeit,Recruiting & Bewerbermanagement,1,1,1,Industry & labour law catch-all,Branche & Arbeitsrecht (Sammelbecken),3,0.27479663,-10.406428
zeitarbeit corona auswirkung,informational,cluster_10,longtail,Marktanalyse,138,34,1.27,people-also-ask,4.1,estimated,zeitarbeit corona auswirkung,Branchentrends & Marktentwicklung,1,1,1,Industry & labour law catch-all,Branche & Arbeitsrecht (Sammelbecken),3,-0.96554327,-10.193217
factoring kosten zeitarbeit,commercial,cluster_05,longtail,Pricing,170,41,5.81,ads|shopping,4.1,estimated,factoring kosten zeitarbeit,Liquiditaet & Factoring,1,3,3,Industry & labour law catch-all,Branche & Arbeitsrecht (Sammelbecken),-1,2.3215292,-7.860268
arbeitsvertrag zeitarbeit vorlage,informational,cluster_09,longtail,Vorlage,57,14,2.4,featured-snippet,4.1,estimated,arbeitsvertrag zeitarbeit vorlage,HR & Mitarbeiterverwaltung,1,2,2,Industry & labour law catch-all,Branche & Arbeitsrecht (Sammelbecken),0,5.14499,-8.559141
arbeitnehmerüberlassung werkvertrag abgrenzung,informational,cluster_06,longtail,Wissen,119,30,2.25,featured-snippet|people-also-ask|video,4.0,estimated,arbeitnehmerüberlassung werkvertrag abgrenzung,AUEG & Rechtssicherheit,1,2,2,Industry & labour law catch-all,Branche & Arbeitsrecht (Sammelbecken),0,4.9314756,-8.446389
gebäudereiniger tarifvertrag 2026,informational,cluster_08,longtail,Tarif,59,15,1.38,video,3.9,estimated,gebäudereiniger tarifvertrag 2026,Gebaeudedienstleistung Software,1,3,3,Industry & labour law catch-all,Branche & Arbeitsrecht (Sammelbecken),1,2.406591,-6.4225326
arbeitsschutzunterweisung zeitarbeit,informational,cluster_06,longtail,Pflicht,154,39,2.26,people-also-ask|video,3.9,estimated,arbeitsschutzunterweisung zeitarbeit,AUEG & Rechtssicherheit,1,2,2,Industry & labour law catch-all,Branche & Arbeitsrecht (Sammelbecken),0,4.6188817,-8.788707
forderungsverkauf zeitarbeit,commercial,cluster_05,longtail,Synonym,192,50,8.72,shopping|site-links,3.8,estimated,forderungsverkauf zeitarbeit,Liquiditaet & Factoring,1,1,1,Industry & labour law catch-all,Branche & Arbeitsrecht (Sammelbecken),3,2.4311764,-9.1105995
saas vs on premise zeitarbeit,informational,cluster_07,longtail,Vergleich,149,40,1.09,featured-snippet|people-also-ask,3.7,estimated,saas vs on premise zeitarbeit,Digitalisierung & Cloud in der Personaldienstleistung,1,1,1,Industry & labour law catch-all,Branche & Arbeitsrecht (Sammelbecken),3,1.2334473,-10.096343
lohnabrechnung beispiel zeitarbeit,informational,cluster_02,longtail,Vorlagen-Suche,56,15,0.53,featured-snippet,3.7,estimated,lohnabrechnung beispiel zeitarbeit,Lohnabrechnung & Payroll,1,1,1,Industry & labour law catch-all,Branche & Arbeitsrecht (Sammelbecken),3,0.6185538,-10.959803
zeitarbeit komplettlösung,commercial,cluster_01,longtail,USP-orientiert,197,55,4.23,shopping,3.6,estimated,zeitarbeit komplettlösung,Zeitarbeitssoftware & zvoove One,1,1,1,Industry & labour law catch-all,Branche & Arbeitsrecht (Sammelbecken),3,0.27745706,-9.362844
sozialversicherung zeitarbeitnehmer,informational,cluster_02,longtail,Spezialisierung,149,41,1.39,people-also-ask|video,3.6,estimated,sozialversicherung zeitarbeitnehmer,Lohnabrechnung & Payroll,1,2,2,Industry & labour law catch-all,Branche & Arbeitsrecht (Sammelbecken),0,4.5067763,-8.421352
schwarzarbeit zeitarbeit,informational,cluster_06,body,Risiko,188,52,2.24,featured-snippet|people-also-ask,3.6,estimated,schwarzarbeit zeitarbeit,AUEG & Rechtssicherheit,1,1,1,Industry & labour law catch-all,Branche & Arbeitsrecht (Sammelbecken),3,1.0308399,-10.256634
inflation lohn zeitarbeit,informational,cluster_10,longtail,Marktanalyse,162,45,2.39,people-also-ask|video,3.6,estimated,inflation lohn zeitarbeit,Branchentrends & Marktentwicklung,1,3,3,Industry & labour law catch-all,Branche & Arbeitsrecht (Sammelbecken),1,1.6644503,-7.465962
hybrides arbeiten zeitarbeit,informational,cluster_10,longtail,Trend,105,29,1.23,featured-snippet,3.6,estimated,hybrides arbeiten zeitarbeit,Branchentrends & Marktentwicklung,1,1,1,Industry & labour law catch-all,Branche & Arbeitsrecht (Sammelbecken),3,0.55969614,-10.218325
zeiterfassung kostenlos,commercial,cluster_04,longtail,Sparvariante,171,47,10.83,ads|shopping,3.6,estimated,zeiterfassung kostenlos,Zeiterfassung & Disposition,1,1,1,Industry & labour law catch-all,Branche & Arbeitsrecht (Sammelbecken),3,-0.5122293,-9.749037
arbeitszeugnis vorlage zeitarbeitnehmer,informational,cluster_09,longtail,Vorlage,155,44,2.42,video,3.5,estimated,arbeitszeugnis vorlage zeitarbeitnehmer,HR & Mitarbeiterverwaltung,1,2,2,Industry & labour law catch-all,Branche & Arbeitsrecht (Sammelbecken),0,4.3625407,-9.348667
zessionskredit zeitarbeit,informational,cluster_05,longtail,Finanzierung,91,26,0.34,people-also-ask,3.5,estimated,zessionskredit zeitarbeit,Liquiditaet & Factoring,1,2,2,Industry & labour law catch-all,Branche & Arbeitsrecht (Sammelbecken),-1,2.9697106,-8.50614
fintech zeitarbeit,informational,cluster_05,longtail,Trend,90,26,1.03,featured-snippet|people-also-ask,3.5,estimated,fintech zeitarbeit,Liquiditaet & Factoring,1,1,1,Industry & labour law catch-all,Branche & Arbeitsrecht (Sammelbecken),3,0.013222962,-10.203188
qualifizierung zeitarbeitnehmer,informational,cluster_09,longtail,Strategie,144,41,0.86,featured-snippet,3.5,estimated,qualifizierung zeitarbeitnehmer,HR & Mitarbeiterverwaltung,1,2,2,Industry & labour law catch-all,Branche & Arbeitsrecht (Sammelbecken),0,3.554206,-10.240275
equal pay ausnahmen,informational,cluster_06,longtail,Spezialfall,120,35,1.99,featured-snippet|people-also-ask|video,3.4,estimated,equal pay ausnahmen,AUEG & Rechtssicherheit,1,3,3,Industry & labour law catch-all,Branche & Arbeitsrecht (Sammelbecken),2,4.2621884,-6.817786
zeiterfassung kosten,commercial,cluster_04,body,Pricing,219,65,10.8,ads|site-links,3.4,estimated,zeiterfassung kosten,Zeiterfassung & Disposition,1,3,3,Industry & labour law catch-all,Branche & Arbeitsrecht (Sammelbecken),2,2.3709168,-7.6053696
zeitarbeit politik regulierung,informational,cluster_10,longtail,Politik,71,21,1.77,featured-snippet|video,3.4,estimated,zeitarbeit politik regulierung,Branchentrends & Marktentwicklung,1,3,3,Industry & labour law catch-all,Branche & Arbeitsrecht (Sammelbecken),3,1.9770299,-8.321036
ki disposition zeitarbeit,informational,cluster_12,longtail,Tech,135,41,2.32,video,3.3,estimated,ki disposition zeitarbeit,KI & Automatisierung im Recruiting,1,1,1,Industry & labour law catch-all,Branche & Arbeitsrecht (Sammelbecken),3,1.4431419,-10.464118
überlassungsvertrag muster,informational,cluster_06,longtail,Vorlage,131,40,0.5,featured-snippet|video,3.3,estimated,überlassungsvertrag muster,AUEG & Rechtssicherheit,1,3,3,Industry & labour law catch-all,Branche & Arbeitsrecht (Sammelbecken),1,1.5311095,-6.271018
mindestlohn zeitarbeit 2026,informational,cluster_02,longtail,Aktuell,70,22,0.5,featured-snippet|people-also-ask,3.2,estimated,mindestlohn zeitarbeit 2026,Lohnabrechnung & Payroll,1,3,3,Industry & labour law catch-all,Branche & Arbeitsrecht (Sammelbecken),0,5.7616143,-6.8191385
feiertagszuschlag zeitarbeit,informational,cluster_02,longtail,Wissensfrage,95,31,2.44,featured-snippet,3.1,estimated,feiertagszuschlag zeitarbeit,Lohnabrechnung & Payroll,1,1,1,Industry & labour law catch-all,Branche & Arbeitsrecht (Sammelbecken),3,2.54205,-10.160099
aüg erlaubnis verlängern,informational,cluster_06,longtail,Verfahren,134,43,2.13,people-also-ask,3.1,estimated,aüg erlaubnis verlängern,AUEG & Rechtssicherheit,1,3,3,Industry & labour law catch-all,Branche & Arbeitsrecht (Sammelbecken),1,0.9936431,-6.47042
xing kosten arbeitgeber,informational,cluster_03,body,Pricing,98,34,0.37,people-also-ask|video,2.9,estimated,xing kosten arbeitgeber,Recruiting & Bewerbermanagement,1,3,3,Industry & labour law catch-all,Branche & Arbeitsrecht (Sammelbecken),2,3.7165613,-6.8727207
liquiditätsengpass vermeiden,informational,cluster_05,longtail,Best Practice,46,16,0.63,people-also-ask|video,2.9,estimated,liquiditätsengpass vermeiden,Liquiditaet & Factoring,1,3,3,Industry & labour law catch-all,Branche & Arbeitsrecht (Sammelbecken),1,1.2256942,-7.5207953
aüg unbefristete erlaubnis,informational,cluster_06,longtail,Status,113,39,0.94,video,2.9,estimated,aüg unbefristete erlaubnis,AUEG & Rechtssicherheit,1,3,3,Industry & labour law catch-all,Branche & Arbeitsrecht (Sammelbecken),1,1.1124681,-6.213756
kostenoptimierung zeitarbeit,informational,cluster_11,longtail,Strategie,58,20,0.65,featured-snippet,2.9,estimated,kostenoptimierung zeitarbeit,Kundenreferenzen & ROI,1,3,3,Industry & labour law catch-all,Branche & Arbeitsrecht (Sammelbecken),2,2.1245153,-8.016795
zeitarbeit pflege markt,informational,cluster_10,longtail,Branche,99,35,0.93,featured-snippet|video,2.8,estimated,zeitarbeit pflege markt,Branchentrends & Marktentwicklung,1,2,2,Industry & labour law catch-all,Branche & Arbeitsrecht (Sammelbecken),3,2.6908743,-8.977863
zapier zeitarbeit,commercial,cluster_12,longtail,Tool,133,48,8.15,ads|shopping|site-links,2.8,estimated,zapier zeitarbeit,KI & Automatisierung im Recruiting,1,1,1,Industry & labour law catch-all,Branche & Arbeitsrecht (Sammelbecken),3,0.6320782,-10.363051
ampel zeitarbeit,informational,cluster_10,longtail,Politik,120,43,2.25,video,2.8,estimated,ampel zeitarbeit,Branchentrends & Marktentwicklung,1,1,1,Industry & labour law catch-all,Branche & Arbeitsrecht (Sammelbecken),3,0.15919188,-10.452575
zuschläge berechnen zeitarbeit,informational,cluster_02,longtail,Wissensfrage,52,19,1.13,featured-snippet,2.7,estimated,zuschläge berechnen zeitarbeit,Lohnabrechnung & Payroll,1,1,1,Industry & labour law catch-all,Branche & Arbeitsrecht (Sammelbecken),3,0.40346915,-8.596583
generative ai zeitarbeit,informational,cluster_12,longtail,Trend,124,46,0.95,featured-snippet|people-also-ask,2.7,estimated,generative ai zeitarbeit,KI & Automatisierung im Recruiting,1,1,1,Industry & labour law catch-all,Branche & Arbeitsrecht (Sammelbecken),3,0.57438165,-10.098632
aüg erlaubnis voraussetzungen,informational,cluster_06,longtail,Anforderungen,105,40,1.37,featured-snippet|people-also-ask,2.6,estimated,aüg erlaubnis voraussetzungen,AUEG & Rechtssicherheit,1,3,3,Industry & labour law catch-all,Branche & Arbeitsrecht (Sammelbecken),1,1.2065011,-6.209914
forderungsmanagement zeitarbeit,commercial,cluster_05,longtail,Aufgabe,70,27,6.56,shopping,2.6,estimated,forderungsmanagement zeitarbeit,Liquiditaet & Factoring,1,1,1,Industry & labour law catch-all,Branche & Arbeitsrecht (Sammelbecken),3,1.874478,-9.13062
stellenanzeige schalten kosten,commercial,cluster_03,longtail,Pricing,79,36,6.31,ads|shopping,2.2,estimated,stellenanzeige schalten kosten,Recruiting & Bewerbermanagement,1,3,3,Industry & labour law catch-all,Branche & Arbeitsrecht (Sammelbecken),2,2.7915816,-7.233667
mitarbeiterbindung zeitarbeit,informational,cluster_09,longtail,Strategie,29,13,2.2,featured-snippet,2.2,estimated,mitarbeiterbindung zeitarbeit,HR & Mitarbeiterverwaltung,1,2,2,Industry & labour law catch-all,Branche & Arbeitsrecht (Sammelbecken),0,4.126149,-9.569711
qualifikationen verwalten zeitarbeit,commercial,cluster_09,longtail,Tool,70,32,7.25,ads|site-links,2.2,estimated,qualifikationen verwalten zeitarbeit,HR & Mitarbeiterverwaltung,1,1,1,Industry & labour law catch-all,Branche & Arbeitsrecht (Sammelbecken),0,3.059707,-10.410672
zeiterfassungssystem zeitarbeit,commercial,cluster_04,longtail,Spezialisierung,90,44,8.15,ads|shopping|site-links,2.0,estimated,zeiterfassungssystem zeitarbeit,Zeiterfassung & Disposition,1,1,1,Industry & labour law catch-all,Branche & Arbeitsrecht (Sammelbecken),3,-0.113035806,-9.314894
synchronisationsverbot zeitarbeit,informational,cluster_06,longtail,Verbot,87,43,1.92,featured-snippet,2.0,estimated,synchronisationsverbot zeitarbeit,AUEG & Rechtssicherheit,1,1,1,Industry & labour law catch-all,Branche & Arbeitsrecht (Sammelbecken),3,-0.55477816,-9.330173
liquiditätsplanung zeitarbeit,informational,cluster_05,longtail,Methode,16,8,0.69,featured-snippet|people-also-ask|video,2.0,estimated,liquiditätsplanung zeitarbeit,Liquiditaet & Factoring,1,3,3,Industry & labour law catch-all,Branche & Arbeitsrecht (Sammelbecken),1,1.2674309,-7.550127
zeiterfassung manipulationssicher,commercial,cluster_04,longtail,USP,95,48,11.11,shopping|site-links,2.0,estimated,zeiterfassung manipulationssicher,Zeiterfassung & Disposition,1,1,1,Industry & labour law catch-all,Branche & Arbeitsrecht (Sammelbecken),3,-0.8489538,-9.568857
nachweisgesetz zeitarbeit,informational,cluster_06,longtail,Gesetz,67,35,1.74,people-also-ask|video,1.9,estimated,nachweisgesetz zeitarbeit,AUEG & Rechtssicherheit,1,1,1,Industry & labour law catch-all,Branche & Arbeitsrecht (Sammelbecken),3,1.5280442,-10.754296
zeiterfassung biometrisch,commercial,cluster_04,longtail,Tech,100,57,10.73,ads|shopping,1.8,estimated,zeiterfassung biometrisch,Zeiterfassung & Disposition,1,1,1,Industry & labour law catch-all,Branche & Arbeitsrecht (Sammelbecken),3,-1.1552036,-10.02334
zeitarbeit logistik wachstum,informational,cluster_10,longtail,Branche,55,31,1.61,people-also-ask|video,1.8,estimated,zeitarbeit logistik wachstum,Branchentrends & Marktentwicklung,1,1,1,Industry & labour law catch-all,Branche & Arbeitsrecht (Sammelbecken),3,2.1104534,-9.289637
betriebsmittelkredit zeitarbeit,informational,cluster_05,longtail,Finanzierung,51,30,0.35,people-also-ask,1.7,estimated,betriebsmittelkredit zeitarbeit,Liquiditaet & Factoring,1,2,2,Industry & labour law catch-all,Branche & Arbeitsrecht (Sammelbecken),2,3.2209582,-8.26348
factoring sofort liquidität,commercial,cluster_05,longtail,USP,72,42,11.39,ads|shopping,1.7,estimated,factoring sofort liquidität,Liquiditaet & Factoring,1,3,3,Industry & labour law catch-all,Branche & Arbeitsrecht (Sammelbecken),1,1.2220168,-7.5755606
cost per hire berechnen,informational,cluster_03,longtail,KPI,75,44,1.83,featured-snippet,1.7,estimated,cost per hire berechnen,Recruiting & Bewerbermanagement,1,3,3,Industry & labour law catch-all,Branche & Arbeitsrecht (Sammelbecken),2,3.7006147,-6.8940754
factoring zeitarbeitsunternehmen,commercial,cluster_05,longtail,Zielgruppe,101,61,3.35,site-links,1.7,estimated,factoring zeitarbeitsunternehmen,Liquiditaet & Factoring,1,2,2,Industry & labour law catch-all,Branche & Arbeitsrecht (Sammelbecken),3,2.6717477,-8.905187
schnittstelle zeitarbeit indeed,commercial,cluster_07,longtail,Integration,74,50,3.54,site-links,1.5,estimated,schnittstelle zeitarbeit indeed,Digitalisierung & Cloud in der Personaldienstleistung,1,1,1,Industry & labour law catch-all,Branche & Arbeitsrecht (Sammelbecken),3,2.4042416,-9.635629
lohnabrechnung outsourcing kosten,commercial,cluster_02,longtail,Pricing,94,63,4.52,site-links,1.5,estimated,lohnabrechnung outsourcing kosten,Lohnabrechnung & Payroll,1,3,3,Industry & labour law catch-all,Branche & Arbeitsrecht (Sammelbecken),2,3.459826,-6.9933615
zeitarbeit beschäftigte zahl,informational,cluster_10,longtail,Statistik,21,15,1.38,featured-snippet|people-also-ask,1.4,estimated,zeitarbeit beschäftigte zahl,Branchentrends & Marktentwicklung,1,2,2,Industry & labour law catch-all,Branche & Arbeitsrecht (Sammelbecken),0,3.769202,-9.2984705
schichtplanung zeitarbeit,commercial,cluster_04,longtail,Spezialisierung,88,64,9.55,ads|shopping,1.4,estimated,schichtplanung zeitarbeit,Zeiterfassung & Disposition,1,1,1,Industry & labour law catch-all,Branche & Arbeitsrecht (Sammelbecken),3,1.1662472,-9.557041
igz lohntabelle 2026,informational,cluster_02,longtail,Tarif aktuell,38,30,0.73,featured-snippet|people-also-ask,1.3,estimated,igz lohntabelle 2026,Lohnabrechnung & Payroll,1,3,3,Industry & labour law catch-all,Branche & Arbeitsrecht (Sammelbecken),0,5.6181865,-6.6269903
prosoft zeitarbeit alternative,commercial,cluster_01,longtail,Wettbewerber-Switch,55,45,9.03,ads|shopping|site-links,1.2,estimated,prosoft zeitarbeit alternative,Zeitarbeitssoftware & zvoove One,1,1,1,Industry & labour law catch-all,Branche & Arbeitsrecht (Sammelbecken),3,0.41443905,-9.716751
arbeitsvertrag zeitarbeit erstellen,informational,cluster_09,longtail,Aufgabe,35,29,1.5,people-also-ask|video,1.2,estimated,arbeitsvertrag zeitarbeit erstellen,HR & Mitarbeiterverwaltung,1,2,2,Industry & labour law catch-all,Branche & Arbeitsrecht (Sammelbecken),0,4.949304,-8.761943
arbeitszeiterfassung urteil eugh,informational,cluster_04,longtail,Rechtsprechung,41,40,0.97,featured-snippet|people-also-ask,1.0,estimated,arbeitszeiterfassung urteil eugh,Zeiterfassung & Disposition,1,1,1,Industry & labour law catch-all,Branche & Arbeitsrecht (Sammelbecken),3,1.9128176,-10.1627445
zeitarbeit eu vergleich,informational,cluster_10,longtail,Marktanalyse,32,33,1.79,people-also-ask,1.0,estimated,zeitarbeit eu vergleich,Branchentrends & Marktentwicklung,1,1,1,Industry & labour law catch-all,Branche & Arbeitsrecht (Sammelbecken),3,0.85935116,-9.012423
höchstüberlassungsdauer 18 monate,informational,cluster_06,longtail,Konkret,23,25,2.46,featured-snippet|people-also-ask,0.9,estimated,höchstüberlassungsdauer 18 monate,AUEG & Rechtssicherheit,1,3,3,Industry & labour law catch-all,Branche & Arbeitsrecht (Sammelbecken),1,0.79686123,-6.8646173
zeitarbeit umsatz statistik,informational,cluster_10,longtail,Statistik,36,42,1.32,featured-snippet|video,0.9,estimated,zeitarbeit umsatz statistik,Branchentrends & Marktentwicklung,1,1,1,Industry & labour law catch-all,Branche & Arbeitsrecht (Sammelbecken),3,0.38266185,-8.390764
unfallversicherung zeitarbeitnehmer,informational,cluster_06,longtail,Versicherung,37,41,0.82,people-also-ask|video,0.9,estimated,unfallversicherung zeitarbeitnehmer,AUEG & Rechtssicherheit,1,2,2,Industry & labour law catch-all,Branche & Arbeitsrecht (Sammelbecken),0,4.4320836,-8.422857
bewerber gewinnen zeitarbeit,informational,cluster_03,longtail,Spezialisierung,16,17,1.23,featured-snippet|video,0.9,estimated,bewerber gewinnen zeitarbeit,Recruiting & Bewerbermanagement,1,2,2,Industry & labour law catch-all,Branche & Arbeitsrecht (Sammelbecken),0,4.233374,-9.904442
papierloses büro zeitarbeit,informational,cluster_07,longtail,Trend,23,25,1.14,featured-snippet,0.9,estimated,papierloses büro zeitarbeit,Digitalisierung & Cloud in der Personaldienstleistung,1,1,1,Industry & labour law catch-all,Branche & Arbeitsrecht (Sammelbecken),3,1.6598934,-10.669463
benchmark zeitarbeit kennzahlen,informational,cluster_11,longtail,KPI,33,40,2.25,people-also-ask|video,0.8,estimated,benchmark zeitarbeit kennzahlen,Kundenreferenzen & ROI,1,1,1,Industry & labour law catch-all,Branche & Arbeitsrecht (Sammelbecken),3,1.3408493,-9.051849
stundenerfassung kunde,informational,cluster_04,longtail,Workflow,21,27,1.67,featured-snippet,0.8,estimated,stundenerfassung kunde,Zeiterfassung & Disposition,1,1,1,Industry & labour law catch-all,Branche & Arbeitsrecht (Sammelbecken),3,-0.34618354,-9.757824
gesundheitsmanagement zeitarbeit,informational,cluster_09,longtail,Strategie,27,37,1.6,featured-snippet|people-also-ask,0.7,estimated,gesundheitsmanagement zeitarbeit,HR & Mitarbeiterverwaltung,1,1,1,Industry & labour law catch-all,Branche & Arbeitsrecht (Sammelbecken),3,2.0952716,-8.929213
zeiterfassung betriebsrat,informational,cluster_04,longtail,Mitbestimmung,14,20,0.62,video,0.7,estimated,zeiterfassung betriebsrat,Zeiterfassung & Disposition,1,1,1,Industry & labour law catch-all,Branche & Arbeitsrecht (Sammelbecken),3,-0.6392881,-9.564765
karriereseite zeitarbeit,informational,cluster_03,longtail,Spezialisierung,11,16,1.84,featured-snippet|people-also-ask,0.7,estimated,karriereseite zeitarbeit,Recruiting & Bewerbermanagement,1,2,2,Industry & labour law catch-all,Branche & Arbeitsrecht (Sammelbecken),0,3.9808211,-9.692419
zeitarbeit komplettsystem,commercial,cluster_01,longtail,USP,33,51,4.97,ads|site-links,0.6,estimated,zeitarbeit komplettsystem,Zeitarbeitssoftware & zvoove One,1,1,1,Industry & labour law catch-all,Branche & Arbeitsrecht (Sammelbecken),3,-0.10895794,-9.31407
arbeitsvertrag zeitarbeitnehmer muster,informational,cluster_06,longtail,Vorlage,23,41,0.99,people-also-ask|video,0.6,estimated,arbeitsvertrag zeitarbeitnehmer muster,AUEG & Rechtssicherheit,1,2,2,Industry & labour law catch-all,Branche & Arbeitsrecht (Sammelbecken),0,4.9656506,-8.668524
time to hire optimieren,informational,cluster_03,longtail,KPI,29,45,1.61,featured-snippet,0.6,estimated,time to hire optimieren,Recruiting & Bewerbermanagement,1,2,2,Industry & labour law catch-all,Branche & Arbeitsrecht (Sammelbecken),0,3.5402958,-10.245734
schnittstelle zeitarbeit datev,commercial,cluster_07,longtail,Integration,25,41,5.56,shopping,0.6,estimated,schnittstelle zeitarbeit datev,Digitalisierung & Cloud in der Personaldienstleistung,1,1,1,Industry & labour law catch-all,Branche & Arbeitsrecht (Sammelbecken),3,2.4844391,-9.540732
zeiterfassung reinigungskräfte,commercial,cluster_08,longtail,Tool,31,57,6.17,ads|shopping|site-links,0.5,estimated,zeiterfassung reinigungskräfte,Gebaeudedienstleistung Software,1,1,1,Industry & labour law catch-all,Branche & Arbeitsrecht (Sammelbecken),3,0.3370515,-9.240504
e signatur arbeitsvertrag,commercial,cluster_07,longtail,Tool,22,62,11.47,site-links,0.4,estimated,e signatur arbeitsvertrag,Digitalisierung & Cloud in der Personaldienstleistung,1,2,2,Industry & labour law catch-all,Branche & Arbeitsrecht (Sammelbecken),0,5.313582,-8.578671
anwenderbericht zeitarbeit,commercial,cluster_11,longtail,Marketing,17,44,6.85,ads|shopping|site-links,0.4,estimated,anwenderbericht zeitarbeit,Kundenreferenzen & ROI,1,1,1,Industry & labour law catch-all,Branche & Arbeitsrecht (Sammelbecken),3,-0.08342683,-8.915531
zeiterfassung gps,commercial,cluster_04,longtail,Tech,13,37,6.43,ads|shopping|site-links,0.4,estimated,zeiterfassung gps,Zeiterfassung & Disposition,1,1,1,Industry & labour law catch-all,Branche & Arbeitsrecht (Sammelbecken),3,-1.2166542,-10.066465
backup strategie zeitarbeit,informational,cluster_07,longtail,Tech,10,38,0.4,video,0.3,estimated,backup strategie zeitarbeit,Digitalisierung & Cloud in der Personaldienstleistung,1,1,1,Industry & labour law catch-all,Branche & Arbeitsrecht (Sammelbecken),3,0.9584124,-9.379572
clockodo alternative,commercial,cluster_04,longtail,Wettbewerb,17,62,2.27,shopping,0.3,estimated,clockodo alternative,Zeiterfassung & Disposition,1,1,1,Industry & labour law catch-all,Branche & Arbeitsrecht (Sammelbecken),3,-0.89062995,-9.765078
