keyword,estimated_intent,type,notes,search_volume,kd,cpc_eur,serp_features,priority_score,data_source,cluster_id,cluster_display_id,is_noise,cluster_label_de,cluster_label_en
aüg,informational,head,Kürzel,5006,32,1.5,people-also-ask | video,156.4,estimated,4,5,false,Personalgewinnung und Bewerbermanagement Catch-all,Talent Acquisition and Applicant Management Catch-all
digitalisierung zeitarbeit,informational,head,Trend,5645,40,2.1,featured-snippet | video,141.1,estimated,7,8,false,Digitalisierung Personaldienstleistungen und KI,Digital Transformation of HR Services and AI
fachkräftemangel deutschland,informational,head,Branchenproblem,3916,29,0.31,featured-snippet | people-also-ask | video,135.0,estimated,5,6,false,Zeitarbeit Regulierung und Markttrends,Temporary Work Regulation and Market Trends
digitalisierung personaldienstleistung,informational,head,Trend,4088,32,2.34,people-also-ask,127.8,estimated,7,8,false,Digitalisierung Personaldienstleistungen und KI,Digital Transformation of HR Services and AI
künstliche intelligenz personaldienstleistung,informational,head,Trend,4035,39,1.89,featured-snippet | video,103.5,estimated,7,8,false,Digitalisierung Personaldienstleistungen und KI,Digital Transformation of HR Services and AI
dokumentenmanagement software,commercial,head,Kategorie,5975,59,9.45,ads,101.3,estimated,10,11,false,HR-Verwaltungssoftware für KMU,HR Administration Software for SMEs
ki recruiting,informational,head,Trend,3354,36,2.43,people-also-ask,93.2,estimated,2,3,false,KI-gestützte Recruiting-Automatisierung,AI-Powered Recruiting Automation
debitorenmanagement,informational,head,Aufgabe,4929,54,0.77,video,91.3,estimated,8,9,false,Liquidität und Tarifkosten Zeitarbeit,Liquidity Management and Wage Tariffs
equal pay zeitarbeit,informational,head,Begriff,3331,37,1.16,video,90.0,estimated,8,9,false,Liquidität und Tarifkosten Zeitarbeit,Liquidity Management and Wage Tariffs
höchstüberlassungsdauer,informational,head,Begriff,3959,51,1.87,people-also-ask,77.6,estimated,5,6,false,Zeitarbeit Regulierung und Markttrends,Temporary Work Regulation and Market Trends
zeitarbeitssoftware,commercial,head,Schreibvariante zusammen,4381,57,9.99,ads,76.9,estimated,1,2,false,Zeiterfassungs- und Arbeitszeitverwaltung,Time Tracking and Work Hour Management
mitarbeiterverwaltung software,commercial,head,Tool,4809,63,11.52,ads | shopping | site-links,76.3,estimated,10,11,false,HR-Verwaltungssoftware für KMU,HR Administration Software for SMEs
zvoove referenzen,commercial,head,Brand-Trust,70,61,11.42,ads | site-links,1.1,estimated,3,4,false,Zvoove Softwareprodukte und Features,Zvoove Software Products and Features
personaleinsatzplanung,informational,head,Generisch,4799,64,1.15,featured-snippet | video,75.0,estimated,6,7,false,Personaleinsatzplanung und Verwaltung,Personnel Scheduling and Administration
arbeitnehmerüberlassungsgesetz,informational,head,Gesetz,2910,40,2.23,featured-snippet | people-also-ask,72.8,estimated,11,12,false,Arbeitnehmerüberlassung Recht und Compliance,Employee Leasing Law and Compliance
bewerber finden,informational,head,Generisch,2768,39,1.54,featured-snippet,71.0,estimated,4,5,false,Personalgewinnung und Bewerbermanagement Catch-all,Talent Acquisition and Applicant Management Catch-all
hr software kmu,commercial,head,Generisch,4028,58,5.66,ads,69.4,estimated,10,11,false,HR-Verwaltungssoftware für KMU,HR Administration Software for SMEs
bewerbermanagement software,commercial,head,Hauptbegriff,5670,84,10.51,shopping,67.5,estimated,10,11,false,HR-Verwaltungssoftware für KMU,HR Administration Software for SMEs
gebäudereinigung software,commercial,head,Branchenfokus,5051,78,8.43,shopping | site-links,64.8,estimated,9,10,false,Gebäudereinigungs-Spezialisoftware,Building Cleaning Specialized Software
zeiterfassung software,commercial,head,Hauptbegriff,4892,76,8.87,ads | site-links,64.4,estimated,1,2,false,Zeiterfassungs- und Arbeitszeitverwaltung,Time Tracking and Work Hour Management
zvoove cashlink,commercial,head,Brand,50,47,5.67,shopping,1.1,estimated,3,4,false,Zvoove Softwareprodukte und Features,Zvoove Software Products and Features
arbeitnehmerüberlassung,informational,head,Begriff,4131,66,2.24,people-also-ask,62.6,estimated,11,12,false,Arbeitnehmerüberlassung Recht und Compliance,Employee Leasing Law and Compliance
mobile zeiterfassung,commercial,head,Trend Mobile,4743,82,5.13,shopping | site-links,57.8,estimated,1,2,false,Zeiterfassungs- und Arbeitszeitverwaltung,Time Tracking and Work Hour Management
gehaltsabrechnung software,commercial,head,Kategorie,3940,70,5.57,site-links,56.3,estimated,10,11,false,HR-Verwaltungssoftware für KMU,HR Administration Software for SMEs
zvoove dms,commercial,head,Brand,40,76,8.61,ads,0.5,estimated,3,4,false,Zvoove Softwareprodukte und Features,Zvoove Software Products and Features
zeitarbeit programm,commercial,head,Synonym,3980,79,6.78,shopping | site-links,50.4,estimated,12,13,false,Zeitarbeit Software und Prozessmanagement,Temporary Work Software and Process Management
einsatzplanung software,commercial,head,Tool,2335,47,2.15,ads | shopping,49.7,estimated,10,11,false,HR-Verwaltungssoftware für KMU,HR Administration Software for SMEs
zvoove cockpit,commercial,head,Brand,50,70,6.71,shopping | site-links,0.7,estimated,3,4,false,Zvoove Softwareprodukte und Features,Zvoove Software Products and Features
digitale zeiterfassung,commercial,head,Trend,3656,77,8.72,shopping,47.5,estimated,7,8,false,Digitalisierung Personaldienstleistungen und KI,Digital Transformation of HR Services and AI
gig economy deutschland,informational,body,Trend,789,17,2.2,video,46.4,estimated,5,6,false,Zeitarbeit Regulierung und Markttrends,Temporary Work Regulation and Market Trends
factoring buchen,informational,body,Buchhaltung,799,18,2.27,featured-snippet | people-also-ask,44.4,estimated,0,1,false,Factoring Buchhaltung und Genehmigung,Factoring Accounting and Licensing
zeitarbeit branche entwicklung,informational,head,Marktanalyse,2456,56,0.68,people-also-ask | video,43.9,estimated,12,13,false,Zeitarbeit Software und Prozessmanagement,Temporary Work Software and Process Management
gebäudedienstleister software,commercial,head,Hauptbegriff,2662,61,8.35,ads | site-links,43.6,estimated,10,11,false,HR-Verwaltungssoftware für KMU,HR Administration Software for SMEs
igz tarifvertrag aktuell,informational,body,Tarif,700,17,1.76,people-also-ask,41.2,estimated,8,9,false,Liquidität und Tarifkosten Zeitarbeit,Liquidity Management and Wage Tariffs
ats software,commercial,head,Kategorie,3060,78,10.59,ads,39.2,estimated,10,11,false,HR-Verwaltungssoftware für KMU,HR Administration Software for SMEs
gebäudereiniger digital,informational,body,Trend,619,16,1.03,people-also-ask | video,38.7,estimated,7,8,false,Digitalisierung Personaldienstleistungen und KI,Digital Transformation of HR Services and AI
zahlungsausfall absichern,informational,body,Risiko,769,20,2.27,people-also-ask,38.5,estimated,8,9,false,Liquidität und Tarifkosten Zeitarbeit,Liquidity Management and Wage Tariffs
zvoove payroll,commercial,head,Brand,40,85,2.56,ads | shopping,0.5,estimated,3,4,false,Zvoove Softwareprodukte und Features,Zvoove Software Products and Features
karriereseite erstellen,informational,body,Aufgabe,706,19,0.43,featured-snippet | people-also-ask,37.2,estimated,6,7,false,Personaleinsatzplanung und Verwaltung,Personnel Scheduling and Administration
aüg software,commercial,head,Kategorie,1563,48,10.48,site-links,32.6,estimated,10,11,false,HR-Verwaltungssoftware für KMU,HR Administration Software for SMEs
candidate experience verbessern,informational,longtail,Best Practice,195,7,0.4,featured-snippet | people-also-ask | video,27.9,estimated,2,3,false,KI-gestützte Recruiting-Automatisierung,AI-Powered Recruiting Automation
roi zeitarbeit software,commercial,head,Business Case,2065,76,4.1,shopping,27.2,estimated,1,2,false,Zeiterfassungs- und Arbeitszeitverwaltung,Time Tracking and Work Hour Management
factoring zeitarbeit,commercial,head,Hauptbegriff,2219,85,8.96,shopping,26.1,estimated,12,13,false,Zeitarbeit Software und Prozessmanagement,Temporary Work Software and Process Management
automatisierung recruiting prozess,informational,body,Trend,739,29,0.73,featured-snippet | people-also-ask,25.5,estimated,2,3,false,KI-gestützte Recruiting-Automatisierung,AI-Powered Recruiting Automation
auslastung zeitarbeit erhöhen,informational,longtail,KPI,176,7,2.44,featured-snippet,25.1,estimated,12,13,false,Zeitarbeit Software und Prozessmanagement,Temporary Work Software and Process Management
lohnbuchhaltung zeitarbeit,informational,body,Buchhaltung,549,24,1.95,video,22.9,estimated,12,13,false,Zeitarbeit Software und Prozessmanagement,Temporary Work Software and Process Management
personalakte inhalt,informational,body,Wissen,792,35,1.89,featured-snippet | people-also-ask,22.6,estimated,6,7,false,Personaleinsatzplanung und Verwaltung,Personnel Scheduling and Administration
zvoove recruit,commercial,head,Brand,50,61,3.75,shopping | site-links,0.8,estimated,3,4,false,Zvoove Softwareprodukte und Features,Zvoove Software Products and Features
zeitarbeit software,commercial,head,Hauptbegriff zvoove One,1822,82,2.83,ads | site-links,22.2,estimated,1,2,false,Zeiterfassungs- und Arbeitszeitverwaltung,Time Tracking and Work Hour Management
arbeitszeugnis erstellen zeitarbeit,informational,longtail,Aufgabe,177,8,2.29,featured-snippet | people-also-ask | video,22.1,estimated,12,13,false,Zeitarbeit Software und Prozessmanagement,Temporary Work Software and Process Management
recruiting software,commercial,head,Hauptbegriff,1149,52,6.81,ads,22.1,estimated,2,3,false,KI-gestützte Recruiting-Automatisierung,AI-Powered Recruiting Automation
arbeitsmarkt 2026,informational,body,Trend,417,19,1.91,people-also-ask,21.9,estimated,11,12,false,Arbeitnehmerüberlassung Recht und Compliance,Employee Leasing Law and Compliance
ki matching kandidaten,informational,longtail,Tech,150,7,1.18,people-also-ask | video,21.4,estimated,2,3,false,KI-gestützte Recruiting-Automatisierung,AI-Powered Recruiting Automation
cloud sicherheit kmu,informational,body,Compliance,446,21,0.78,featured-snippet,21.2,estimated,1,2,false,Zeiterfassungs- und Arbeitszeitverwaltung,Time Tracking and Work Hour Management
lizenzmodell saas,informational,body,Pricing,436,21,1.68,featured-snippet | people-also-ask,20.8,estimated,4,5,false,Personalgewinnung und Bewerbermanagement Catch-all,Talent Acquisition and Applicant Management Catch-all
facility management software,commercial,head,Branchenfokus,1493,72,6.03,shopping | site-links,20.7,estimated,10,11,false,HR-Verwaltungssoftware für KMU,HR Administration Software for SMEs
datenschutz personaldienstleister,informational,body,Compliance,718,36,1.47,people-also-ask,19.9,estimated,7,8,false,Digitalisierung Personaldienstleistungen und KI,Digital Transformation of HR Services and AI
mobile zeiterfassung app,commercial,body,App,755,39,2.83,shopping,19.4,estimated,1,2,false,Zeiterfassungs- und Arbeitszeitverwaltung,Time Tracking and Work Hour Management
lohnabrechnung pdf vorlage,informational,longtail,Download-Intent,136,7,1.57,featured-snippet | people-also-ask,19.4,estimated,4,5,false,Personalgewinnung und Bewerbermanagement Catch-all,Talent Acquisition and Applicant Management Catch-all
weiterbildung zeitarbeit,informational,body,Trend,534,28,0.97,featured-snippet | people-also-ask,19.1,estimated,12,13,false,Zeitarbeit Software und Prozessmanagement,Temporary Work Software and Process Management
lohnabrechnung was beachten,informational,longtail,Wie-Frage,131,7,1.62,featured-snippet | people-also-ask,18.7,estimated,4,5,false,Personalgewinnung und Bewerbermanagement Catch-all,Talent Acquisition and Applicant Management Catch-all
revisionssichere archivierung,informational,body,Compliance,681,38,2.3,people-also-ask,17.9,estimated,7,8,false,Digitalisierung Personaldienstleistungen und KI,Digital Transformation of HR Services and AI
saas personaldienstleister,commercial,body,Liefermodell,654,38,2.39,shopping,17.2,estimated,6,7,false,Personaleinsatzplanung und Verwaltung,Personnel Scheduling and Administration
bewerbermanagement system,commercial,head,Synonym,1138,67,9.09,ads | shopping,17.0,estimated,10,11,false,HR-Verwaltungssoftware für KMU,HR Administration Software for SMEs
azubi verwaltung,commercial,body,Tool,712,42,9.34,ads,17.0,estimated,6,7,false,Personaleinsatzplanung und Verwaltung,Personnel Scheduling and Administration
crm zeitarbeit,commercial,head,Tool,1360,81,8.83,shopping | site-links,16.8,estimated,12,13,false,Zeitarbeit Software und Prozessmanagement,Temporary Work Software and Process Management
factoring erlaubnis,informational,body,Recht,671,40,2.28,featured-snippet | people-also-ask | video,16.8,estimated,0,1,false,Factoring Buchhaltung und Genehmigung,Factoring Accounting and Licensing
equal pay berechnen,informational,longtail,Wie-Frage,131,8,1.3,video,16.4,estimated,8,9,false,Liquidität und Tarifkosten Zeitarbeit,Liquidity Management and Wage Tariffs
mitarbeiter onboarding zeitarbeit,informational,longtail,Prozess,163,10,0.46,featured-snippet,16.3,estimated,11,12,false,Arbeitnehmerüberlassung Recht und Compliance,Employee Leasing Law and Compliance
zukunft zeitarbeit,informational,body,Trend,631,39,0.65,featured-snippet | people-also-ask,16.2,estimated,12,13,false,Zeitarbeit Software und Prozessmanagement,Temporary Work Software and Process Management
zertifizierung iso 27001 software,informational,longtail,Trust,125,8,0.9,featured-snippet,15.6,estimated,10,11,false,HR-Verwaltungssoftware für KMU,HR Administration Software for SMEs
disposition zeitarbeitnehmer,informational,body,Funktion,395,26,1.67,video,15.2,estimated,11,12,false,Arbeitnehmerüberlassung Recht und Compliance,Employee Leasing Law and Compliance
zeiterfassung handwerk,commercial,body,Branche,618,41,8.2,ads | shopping,15.1,estimated,12,13,false,Zeitarbeit Software und Prozessmanagement,Temporary Work Software and Process Management
liquidität zeitarbeit,informational,body,Branchenproblem,719,48,2.0,featured-snippet | people-also-ask | video,15.0,estimated,8,9,false,Liquidität und Tarifkosten Zeitarbeit,Liquidity Management and Wage Tariffs
gebäudereinigung digitalisieren,informational,longtail,Trend,178,12,2.23,people-also-ask,14.8,estimated,9,10,false,Gebäudereinigungs-Spezialisoftware,Building Cleaning Specialized Software
diversity zeitarbeit,informational,body,Trend,325,22,1.62,people-also-ask | video,14.8,estimated,12,13,false,Zeitarbeit Software und Prozessmanagement,Temporary Work Software and Process Management
abrechnung zeitarbeitnehmer,informational,body,Synonym,280,19,1.09,featured-snippet | video,14.7,estimated,11,12,false,Arbeitnehmerüberlassung Recht und Compliance,Employee Leasing Law and Compliance
ai act recruiting,informational,longtail,Recht,175,12,1.31,featured-snippet | people-also-ask | video,14.6,estimated,2,3,false,KI-gestützte Recruiting-Automatisierung,AI-Powered Recruiting Automation
urlaubsplanung software,commercial,body,Tool,705,50,6.3,ads | shopping | site-links,14.1,estimated,10,11,false,HR-Verwaltungssoftware für KMU,HR Administration Software for SMEs
tariflandschaft zeitarbeit,informational,body,Tarif,701,50,1.52,people-also-ask | video,14.0,estimated,8,9,false,Liquidität und Tarifkosten Zeitarbeit,Liquidity Management and Wage Tariffs
offboarding prozess,informational,body,Prozess,517,37,1.91,people-also-ask | video,14.0,estimated,4,5,false,Personalgewinnung und Bewerbermanagement Catch-all,Talent Acquisition and Applicant Management Catch-all
payroll software zeitarbeit,commercial,body,Synonym,671,48,3.21,ads,14.0,estimated,1,2,false,Zeiterfassungs- und Arbeitszeitverwaltung,Time Tracking and Work Hour Management
gehaltsabrechnung outsourcing,commercial,body,Service-Modell,765,55,4.48,site-links,13.9,estimated,6,7,false,Personaleinsatzplanung und Verwaltung,Personnel Scheduling and Administration
betriebsrat zeitarbeit,informational,body,Mitbestimmung,353,26,1.24,featured-snippet,13.6,estimated,12,13,false,Zeitarbeit Software und Prozessmanagement,Temporary Work Software and Process Management
einsatzplanung zeitarbeit,commercial,body,Funktion,658,49,2.95,ads,13.4,estimated,12,13,false,Zeitarbeit Software und Prozessmanagement,Temporary Work Software and Process Management
recruiting automatisieren,informational,body,Aufgabe,699,52,0.92,featured-snippet,13.4,estimated,2,3,false,KI-gestützte Recruiting-Automatisierung,AI-Powered Recruiting Automation
applicant tracking system deutsch,commercial,body,Synonym,671,50,2.65,ads,13.4,estimated,2,3,false,KI-gestützte Recruiting-Automatisierung,AI-Powered Recruiting Automation
erp zeitarbeit,commercial,body,Kategoriebegriff,565,43,11.83,shopping,13.1,estimated,12,13,false,Zeitarbeit Software und Prozessmanagement,Temporary Work Software and Process Management
fluktuation senken zeitarbeit,informational,longtail,Strategie,117,9,1.05,featured-snippet,13.0,estimated,12,13,false,Zeitarbeit Software und Prozessmanagement,Temporary Work Software and Process Management
lohnabrechnung sage,commercial,body,Wettbewerb,604,47,11.71,ads | shopping,12.9,estimated,4,5,false,Personalgewinnung und Bewerbermanagement Catch-all,Talent Acquisition and Applicant Management Catch-all
equal treatment zeitarbeit,informational,body,Synonym,594,46,0.73,featured-snippet | people-also-ask,12.9,estimated,12,13,false,Zeitarbeit Software und Prozessmanagement,Temporary Work Software and Process Management
echtes factoring,informational,body,Variante,244,19,0.64,video,12.8,estimated,0,1,false,Factoring Buchhaltung und Genehmigung,Factoring Accounting and Licensing
lohnsteuer zeitarbeit,informational,body,Steuerfrage,663,52,0.74,featured-snippet | video,12.8,estimated,8,9,false,Liquidität und Tarifkosten Zeitarbeit,Liquidity Management and Wage Tariffs
markt zeitarbeit deutschland,informational,body,Marktanalyse,484,38,1.4,featured-snippet | video,12.7,estimated,5,6,false,Zeitarbeit Regulierung und Markttrends,Temporary Work Regulation and Market Trends
deckungsbeitrag zeitarbeit,informational,body,KPI,560,44,1.98,featured-snippet | people-also-ask,12.7,estimated,12,13,false,Zeitarbeit Software und Prozessmanagement,Temporary Work Software and Process Management
saas zeitarbeit,commercial,body,Liefermodell,707,56,5.76,ads | shopping | site-links,12.6,estimated,12,13,false,Zeitarbeit Software und Prozessmanagement,Temporary Work Software and Process Management
dienstplan software,commercial,body,Tool,779,62,4.04,ads | shopping,12.6,estimated,10,11,false,HR-Verwaltungssoftware für KMU,HR Administration Software for SMEs
arbeitsschutz zeitarbeit,informational,body,Pflicht,464,37,1.46,people-also-ask,12.5,estimated,11,12,false,Arbeitnehmerüberlassung Recht und Compliance,Employee Leasing Law and Compliance
gesetzliche abzüge lohn,informational,body,Wissensfrage,538,43,2.32,featured-snippet | video,12.5,estimated,5,6,false,Zeitarbeit Regulierung und Markttrends,Temporary Work Regulation and Market Trends
elektronische lohnabrechnung,commercial,body,Trend,759,61,4.78,shopping,12.4,estimated,7,8,false,Digitalisierung Personaldienstleistungen und KI,Digital Transformation of HR Services and AI
zvoove one,commercial,head,Brand-Keyword,150,75,5.2,ads | shopping,2.0,estimated,3,4,false,Zvoove Softwareprodukte und Features,Zvoove Software Products and Features
ausbildung zeitarbeit,informational,body,Strategie,617,50,0.74,people-also-ask,12.3,estimated,12,13,false,Zeitarbeit Software und Prozessmanagement,Temporary Work Software and Process Management
ki bewerbermanagement,informational,body,Trend,506,41,0.34,video,12.3,estimated,6,7,false,Personaleinsatzplanung und Verwaltung,Personnel Scheduling and Administration
zeiterfassung pflege,commercial,body,Branche,629,52,8.36,ads | shopping,12.1,estimated,12,13,false,Zeitarbeit Software und Prozessmanagement,Temporary Work Software and Process Management
gebäudedienstleistung software,commercial,body,Synonym,615,51,11.53,ads,12.1,estimated,10,11,false,HR-Verwaltungssoftware für KMU,HR Administration Software for SMEs
randstad konkurrenz,informational,longtail,Wettbewerb,169,14,1.03,featured-snippet | people-also-ask,12.1,estimated,2,3,false,KI-gestützte Recruiting-Automatisierung,AI-Powered Recruiting Automation
recruiting plattform,commercial,body,Generisch,796,66,8.35,ads | site-links,12.1,estimated,2,3,false,KI-gestützte Recruiting-Automatisierung,AI-Powered Recruiting Automation
einkommensteuer zeitarbeit,informational,body,Steuerfrage,591,50,1.53,featured-snippet | people-also-ask | video,11.8,estimated,11,12,false,Arbeitnehmerüberlassung Recht und Compliance,Employee Leasing Law and Compliance
lohnabrechnung zeitarbeit,commercial,head,Hauptbegriff,851,72,11.92,ads | site-links,11.8,estimated,12,13,false,Zeitarbeit Software und Prozessmanagement,Temporary Work Software and Process Management
demografischer wandel arbeitsmarkt,informational,longtail,Trend,164,14,0.57,featured-snippet,11.7,estimated,11,12,false,Arbeitnehmerüberlassung Recht und Compliance,Employee Leasing Law and Compliance
lohnabrechnung software zeitarbeit,commercial,body,Tool-Suche,780,68,11.5,site-links,11.5,estimated,1,2,false,Zeiterfassungs- und Arbeitszeitverwaltung,Time Tracking and Work Hour Management
inkasso zeitarbeit,commercial,body,Service,454,40,5.29,ads | shopping,11.3,estimated,12,13,false,Zeitarbeit Software und Prozessmanagement,Temporary Work Software and Process Management
mitarbeiterstruktur analysieren,informational,longtail,Analyse,181,16,0.42,featured-snippet | video,11.3,estimated,6,7,false,Personaleinsatzplanung und Verwaltung,Personnel Scheduling and Administration
stellenanzeige schalten,informational,body,Aufgabe,404,36,0.78,featured-snippet,11.2,estimated,4,5,false,Personalgewinnung und Bewerbermanagement Catch-all,Talent Acquisition and Applicant Management Catch-all
employer branding zeitarbeit,informational,longtail,Marketing,187,17,2.4,featured-snippet,11.0,estimated,11,12,false,Arbeitnehmerüberlassung Recht und Compliance,Employee Leasing Law and Compliance
zoll prüfung zeitarbeit,informational,longtail,Audit,162,15,0.93,featured-snippet,10.8,estimated,12,13,false,Zeitarbeit Software und Prozessmanagement,Temporary Work Software and Process Management
recruiting tool zeitarbeit,commercial,body,Spezialisierung,666,62,2.94,site-links,10.7,estimated,2,3,false,KI-gestützte Recruiting-Automatisierung,AI-Powered Recruiting Automation
active sourcing zeitarbeit,informational,longtail,Methode,106,10,1.9,featured-snippet | people-also-ask,10.6,estimated,12,13,false,Zeitarbeit Software und Prozessmanagement,Temporary Work Software and Process Management
stellenanzeige beispiel,informational,body,Vorlage,169,16,0.52,video,10.6,estimated,4,5,false,Personalgewinnung und Bewerbermanagement Catch-all,Talent Acquisition and Applicant Management Catch-all
ki im recruiting,informational,body,Trend,433,41,1.11,people-also-ask | video,10.6,estimated,2,3,false,KI-gestützte Recruiting-Automatisierung,AI-Powered Recruiting Automation
disposition gebäudereinigung,commercial,body,Funktion,367,35,6.64,site-links,10.5,estimated,9,10,false,Gebäudereinigungs-Spezialisoftware,Building Cleaning Specialized Software
multiposting jobbörsen,informational,body,Funktion,352,34,1.57,featured-snippet,10.4,estimated,4,5,false,Personalgewinnung und Bewerbermanagement Catch-all,Talent Acquisition and Applicant Management Catch-all
remote work trends,informational,body,Trend,332,32,1.04,video,10.4,estimated,11,12,false,Arbeitnehmerüberlassung Recht und Compliance,Employee Leasing Law and Compliance
kennzahlen personaldienstleister,informational,body,KPI,470,45,0.45,featured-snippet | video,10.4,estimated,6,7,false,Personaleinsatzplanung und Verwaltung,Personnel Scheduling and Administration
aüg novelle,informational,body,Gesetzesänderung,249,24,0.57,people-also-ask | video,10.4,estimated,4,5,false,Personalgewinnung und Bewerbermanagement Catch-all,Talent Acquisition and Applicant Management Catch-all
reinigungsangebot vorlage,informational,longtail,Vorlage,133,13,1.55,people-also-ask | video,10.2,estimated,9,10,false,Gebäudereinigungs-Spezialisoftware,Building Cleaning Specialized Software
multiposting software,commercial,body,Funktion,439,43,6.27,shopping,10.2,estimated,10,11,false,HR-Verwaltungssoftware für KMU,HR Administration Software for SMEs
zvoove kunden,commercial,body,Brand-Trust,60,53,5.76,ads | site-links,1.1,estimated,3,4,false,Zvoove Softwareprodukte und Features,Zvoove Software Products and Features
business case digitalisierung kmu,informational,longtail,Methode,191,19,1.48,featured-snippet | people-also-ask,10.1,estimated,7,8,false,Digitalisierung Personaldienstleistungen und KI,Digital Transformation of HR Services and AI
active sourcing tools,commercial,body,Methode,736,74,4.26,shopping | site-links,9.9,estimated,2,3,false,KI-gestützte Recruiting-Automatisierung,AI-Powered Recruiting Automation
mindestlohngesetz zeitarbeit,informational,body,Gesetz,296,30,2.45,people-also-ask | video,9.9,estimated,11,12,false,Arbeitnehmerüberlassung Recht und Compliance,Employee Leasing Law and Compliance
höchstüberlassungsdauer ausnahmen,informational,longtail,Spezialfall,108,11,2.04,featured-snippet,9.8,estimated,5,6,false,Zeitarbeit Regulierung und Markttrends,Temporary Work Regulation and Market Trends
lohnabrechnung muster,informational,body,Vorlage,423,43,2.46,featured-snippet | people-also-ask,9.8,estimated,4,5,false,Personalgewinnung und Bewerbermanagement Catch-all,Talent Acquisition and Applicant Management Catch-all
zeitarbeit prüfung agentur arbeit,informational,longtail,Audit,175,18,2.04,featured-snippet,9.7,estimated,12,13,false,Zeitarbeit Software und Prozessmanagement,Temporary Work Software and Process Management
arbeitszeitkonto führen,informational,body,Aufgabe,376,39,2.02,people-also-ask,9.6,estimated,11,12,false,Arbeitnehmerüberlassung Recht und Compliance,Employee Leasing Law and Compliance
on premise zeitarbeit ablösen,informational,longtail,Migration,95,10,0.73,people-also-ask | video,9.5,estimated,12,13,false,Zeitarbeit Software und Prozessmanagement,Temporary Work Software and Process Management
equal pay nach 9 monaten,informational,longtail,Frist,190,20,0.55,people-also-ask,9.5,estimated,8,9,false,Liquidität und Tarifkosten Zeitarbeit,Liquidity Management and Wage Tariffs
indeed alternative,commercial,body,Wettbewerb,549,58,11.86,shopping,9.5,estimated,4,5,false,Personalgewinnung und Bewerbermanagement Catch-all,Talent Acquisition and Applicant Management Catch-all
preismodell zeitarbeit software,commercial,body,Pricing,650,69,6.79,site-links,9.4,estimated,1,2,false,Zeiterfassungs- und Arbeitszeitverwaltung,Time Tracking and Work Hour Management
api personaldienstleister,informational,body,Integration,170,18,0.42,people-also-ask | video,9.4,estimated,6,7,false,Personaleinsatzplanung und Verwaltung,Personnel Scheduling and Administration
zeitarbeit dsgvo,informational,body,Compliance,396,42,1.61,featured-snippet,9.4,estimated,12,13,false,Zeitarbeit Software und Prozessmanagement,Temporary Work Software and Process Management
lohnabrechnung erstellen,informational,body,DIY-Query,456,49,2.49,people-also-ask,9.3,estimated,4,5,false,Personalgewinnung und Bewerbermanagement Catch-all,Talent Acquisition and Applicant Management Catch-all
auditieren reinigungsleistung,informational,longtail,Aufgabe,64,7,0.85,people-also-ask | video,9.1,estimated,9,10,false,Gebäudereinigungs-Spezialisoftware,Building Cleaning Specialized Software
arbeitgeberanteile sozialversicherung,informational,body,Wissensfrage,420,46,2.32,featured-snippet,9.1,estimated,11,12,false,Arbeitnehmerüberlassung Recht und Compliance,Employee Leasing Law and Compliance
aüg 2026,informational,longtail,Aktuell,108,12,0.84,featured-snippet | people-also-ask,9.0,estimated,8,9,false,Liquidität und Tarifkosten Zeitarbeit,Liquidity Management and Wage Tariffs
skill management software,commercial,body,Tool,375,42,2.46,ads | shopping,8.9,estimated,10,11,false,HR-Verwaltungssoftware für KMU,HR Administration Software for SMEs
ranking zeitarbeitsfirmen deutschland,informational,longtail,Marktanalyse,193,22,0.72,featured-snippet | people-also-ask,8.8,estimated,5,6,false,Zeitarbeit Regulierung und Markttrends,Temporary Work Regulation and Market Trends
aüg erlaubnis beantragen,informational,longtail,Verfahren,147,17,1.13,people-also-ask | video,8.6,estimated,5,6,false,Zeitarbeit Regulierung und Markttrends,Temporary Work Regulation and Market Trends
talent intelligence platform,commercial,body,Tool,614,71,6.15,ads | shopping,8.6,estimated,10,11,false,HR-Verwaltungssoftware für KMU,HR Administration Software for SMEs
digitale lohnabrechnung,commercial,body,Trend,391,46,11.9,ads | shopping,8.5,estimated,7,8,false,Digitalisierung Personaldienstleistungen und KI,Digital Transformation of HR Services and AI
gehaltsabrechnung zeitarbeit,informational,body,Synonym,293,35,2.06,featured-snippet | people-also-ask,8.4,estimated,12,13,false,Zeitarbeit Software und Prozessmanagement,Temporary Work Software and Process Management
personalcontrolling zeitarbeit,informational,longtail,Methode,109,13,0.35,people-also-ask,8.4,estimated,12,13,false,Zeitarbeit Software und Prozessmanagement,Temporary Work Software and Process Management
zeiterfassung zeitarbeit,commercial,body,Spezialisierung,575,69,9.41,ads,8.3,estimated,12,13,false,Zeitarbeit Software und Prozessmanagement,Temporary Work Software and Process Management
bewerber app,commercial,body,App,439,53,4.25,ads | site-links,8.3,estimated,10,11,false,HR-Verwaltungssoftware für KMU,HR Administration Software for SMEs
zahlungsziele kunden,informational,body,Cashflow,433,53,1.83,featured-snippet,8.2,estimated,8,9,false,Liquidität und Tarifkosten Zeitarbeit,Liquidity Management and Wage Tariffs
hr software zeitarbeit,commercial,body,Spezialisierung,588,73,10.7,site-links,8.1,estimated,1,2,false,Zeiterfassungs- und Arbeitszeitverwaltung,Time Tracking and Work Hour Management
zeitarbeit krise,informational,body,Marktlage,333,41,1.36,featured-snippet | video,8.1,estimated,11,12,false,Arbeitnehmerüberlassung Recht und Compliance,Employee Leasing Law and Compliance
bap tarif aktuell,informational,body,Tarif,338,42,0.65,featured-snippet | video,8.0,estimated,8,9,false,Liquidität und Tarifkosten Zeitarbeit,Liquidity Management and Wage Tariffs
digitale personalakte,commercial,body,Tool,526,66,5.88,ads | site-links,8.0,estimated,7,8,false,Digitalisierung Personaldienstleistungen und KI,Digital Transformation of HR Services and AI
zeitarbeit europa,informational,body,Marktanalyse,184,23,2.27,video,8.0,estimated,12,13,false,Zeitarbeit Software und Prozessmanagement,Temporary Work Software and Process Management
chatgpt zeitarbeit,informational,longtail,Trend,127,16,2.28,people-also-ask,7.9,estimated,12,13,false,Zeitarbeit Software und Prozessmanagement,Temporary Work Software and Process Management
talentpool software,commercial,body,Tool,544,69,6.27,site-links,7.9,estimated,10,11,false,HR-Verwaltungssoftware für KMU,HR Administration Software for SMEs
brutto netto rechner zeitarbeit,informational,longtail,Tool-Suche,78,10,1.01,people-also-ask | video,7.8,estimated,12,13,false,Zeitarbeit Software und Prozessmanagement,Temporary Work Software and Process Management
lohnabrechnung leiharbeiter,informational,body,Synonym,350,45,0.32,video,7.8,estimated,4,5,false,Personalgewinnung und Bewerbermanagement Catch-all,Talent Acquisition and Applicant Management Catch-all
stundenerfassung baustelle,informational,longtail,Branche,86,11,2.0,featured-snippet | people-also-ask | video,7.8,estimated,12,13,false,Zeitarbeit Software und Prozessmanagement,Temporary Work Software and Process Management
gen z arbeitswelt,informational,longtail,Trend,92,12,1.94,video,7.7,estimated,11,12,false,Arbeitnehmerüberlassung Recht und Compliance,Employee Leasing Law and Compliance
leiharbeit image,informational,body,Marktanalyse,332,43,1.98,featured-snippet | people-also-ask,7.7,estimated,4,5,false,Personalgewinnung und Bewerbermanagement Catch-all,Talent Acquisition and Applicant Management Catch-all
facility management kmu,commercial,body,Segment,497,65,2.45,shopping,7.6,estimated,10,11,false,HR-Verwaltungssoftware für KMU,HR Administration Software for SMEs
offenes factoring,informational,body,Variante,296,39,1.22,featured-snippet | video,7.6,estimated,0,1,false,Factoring Buchhaltung und Genehmigung,Factoring Accounting and Licensing
onboarding prozess automatisieren,informational,longtail,Trend,167,22,1.08,video,7.6,estimated,7,8,false,Digitalisierung Personaldienstleistungen und KI,Digital Transformation of HR Services and AI
generation z recruiting,informational,longtail,Trend,53,7,0.84,people-also-ask,7.6,estimated,2,3,false,KI-gestützte Recruiting-Automatisierung,AI-Powered Recruiting Automation
implementierungserfolg software,informational,longtail,Methode,188,25,0.76,featured-snippet | video,7.5,estimated,10,11,false,HR-Verwaltungssoftware für KMU,HR Administration Software for SMEs
zeiterfassung pflicht 2026,informational,longtail,Gesetz,82,11,1.63,people-also-ask | video,7.5,estimated,8,9,false,Liquidität und Tarifkosten Zeitarbeit,Liquidity Management and Wage Tariffs
lohnabrechnung addison,commercial,body,Wettbewerb,400,54,4.69,ads,7.4,estimated,4,5,false,Personalgewinnung und Bewerbermanagement Catch-all,Talent Acquisition and Applicant Management Catch-all
factoring kfw,informational,body,Förderung,234,32,1.27,featured-snippet,7.3,estimated,0,1,false,Factoring Buchhaltung und Genehmigung,Factoring Accounting and Licensing
sonntagszuschlag zeitarbeit,informational,longtail,Wissensfrage,160,22,1.37,people-also-ask | video,7.3,estimated,12,13,false,Zeitarbeit Software und Prozessmanagement,Temporary Work Software and Process Management
new work zeitarbeit,informational,longtail,Trend,114,16,0.66,people-also-ask,7.1,estimated,12,13,false,Zeitarbeit Software und Prozessmanagement,Temporary Work Software and Process Management
software für zeitarbeitsfirmen,commercial,body,Long-Head Brand-Match,482,68,4.08,ads | shopping | site-links,7.1,estimated,1,2,false,Zeiterfassungs- und Arbeitszeitverwaltung,Time Tracking and Work Hour Management
recruiting funnel,informational,body,Methode,302,43,1.32,featured-snippet | people-also-ask | video,7.0,estimated,2,3,false,KI-gestützte Recruiting-Automatisierung,AI-Powered Recruiting Automation
unterhaltsreinigung kalkulation,informational,longtail,Branche,187,27,2.34,people-also-ask,6.9,estimated,9,10,false,Gebäudereinigungs-Spezialisoftware,Building Cleaning Specialized Software
fachkräftemangel zeitarbeit,informational,body,Branchenproblem,276,40,0.65,people-also-ask,6.9,estimated,11,12,false,Arbeitnehmerüberlassung Recht und Compliance,Employee Leasing Law and Compliance
bewerbermanagement zeitarbeit,commercial,body,Spezialisierung,500,74,6.55,shopping | site-links,6.8,estimated,12,13,false,Zeitarbeit Software und Prozessmanagement,Temporary Work Software and Process Management
gesetzliche zeiterfassungspflicht,informational,body,Gesetz,223,33,1.49,featured-snippet | video,6.8,estimated,8,9,false,Liquidität und Tarifkosten Zeitarbeit,Liquidity Management and Wage Tariffs
dms zeitarbeit,commercial,body,Tool,244,37,7.42,site-links,6.6,estimated,12,13,false,Zeitarbeit Software und Prozessmanagement,Temporary Work Software and Process Management
arbeitszeitgesetz zeitarbeit,informational,longtail,Gesetz,159,24,2.35,featured-snippet,6.6,estimated,11,12,false,Arbeitnehmerüberlassung Recht und Compliance,Employee Leasing Law and Compliance
software gebäudemanagement,commercial,body,Synonym,458,71,2.05,shopping,6.5,estimated,10,11,false,HR-Verwaltungssoftware für KMU,HR Administration Software for SMEs
aüg statistik meldung,informational,longtail,Pflicht,168,26,0.75,featured-snippet | video,6.5,estimated,5,6,false,Zeitarbeit Regulierung und Markttrends,Temporary Work Regulation and Market Trends
mahnwesen automatisieren,commercial,longtail,Tool,186,29,7.77,site-links,6.4,estimated,7,8,false,Digitalisierung Personaldienstleistungen und KI,Digital Transformation of HR Services and AI
gebäudedienstleistung kalkulation,informational,body,Aufgabe,159,25,1.41,featured-snippet | people-also-ask,6.4,estimated,9,10,false,Gebäudereinigungs-Spezialisoftware,Building Cleaning Specialized Software
videointerview ki analyse,informational,longtail,Tech,76,12,1.73,featured-snippet | video,6.3,estimated,6,7,false,Personaleinsatzplanung und Verwaltung,Personnel Scheduling and Administration
factoring vorteile zeitarbeit,informational,longtail,Nutzen,163,26,2.15,featured-snippet,6.3,estimated,12,13,false,Zeitarbeit Software und Prozessmanagement,Temporary Work Software and Process Management
lohnabrechnung digitalisieren,commercial,longtail,Trend,183,29,3.31,shopping,6.3,estimated,7,8,false,Digitalisierung Personaldienstleistungen und KI,Digital Transformation of HR Services and AI
zeitarbeit checkliste compliance,informational,longtail,Vorlage,185,30,0.36,featured-snippet,6.2,estimated,12,13,false,Zeitarbeit Software und Prozessmanagement,Temporary Work Software and Process Management
recruiting chatbot,commercial,body,Tool,261,42,2.51,shopping | site-links,6.2,estimated,2,3,false,KI-gestützte Recruiting-Automatisierung,AI-Powered Recruiting Automation
tarifvertrag zeitarbeit lohn,informational,longtail,Tarif,81,13,1.37,people-also-ask | video,6.2,estimated,8,9,false,Liquidität und Tarifkosten Zeitarbeit,Liquidity Management and Wage Tariffs
arbeitgeberattraktivität zeitarbeit,informational,longtail,Marketing,111,18,1.07,featured-snippet | people-also-ask,6.2,estimated,11,12,false,Arbeitnehmerüberlassung Recht und Compliance,Employee Leasing Law and Compliance
stundenzettel digital,commercial,longtail,Tool,171,28,4.94,ads | site-links,6.1,estimated,7,8,false,Digitalisierung Personaldienstleistungen und KI,Digital Transformation of HR Services and AI
total cost ownership erp,informational,longtail,Business Case,196,32,2.4,featured-snippet | video,6.1,estimated,8,9,false,Liquidität und Tarifkosten Zeitarbeit,Liquidity Management and Wage Tariffs
serverstandort deutschland software,informational,longtail,Trust,180,30,1.15,featured-snippet,6.0,estimated,10,11,false,HR-Verwaltungssoftware für KMU,HR Administration Software for SMEs
softwareeinführung reinigungsfirma,informational,longtail,Implementation,161,27,1.02,people-also-ask | video,6.0,estimated,9,10,false,Gebäudereinigungs-Spezialisoftware,Building Cleaning Specialized Software
single sign on zeitarbeit,commercial,longtail,Tech,173,29,7.4,shopping | site-links,6.0,estimated,12,13,false,Zeitarbeit Software und Prozessmanagement,Temporary Work Software and Process Management
stilles factoring,informational,body,Variante,170,29,1.81,featured-snippet,5.9,estimated,0,1,false,Factoring Buchhaltung und Genehmigung,Factoring Accounting and Licensing
recruiting kennzahlen,informational,body,KPI,195,33,0.97,people-also-ask,5.9,estimated,2,3,false,KI-gestützte Recruiting-Automatisierung,AI-Powered Recruiting Automation
prozesskosten senken zeitarbeit,informational,longtail,Strategie,197,34,0.56,video,5.8,estimated,12,13,false,Zeitarbeit Software und Prozessmanagement,Temporary Work Software and Process Management
cloud software zeitarbeit,commercial,body,Trend Cloud,267,46,2.66,ads | shopping | site-links,5.8,estimated,1,2,false,Zeiterfassungs- und Arbeitszeitverwaltung,Time Tracking and Work Hour Management
flexibler arbeitsmarkt,informational,body,Trend,260,46,2.47,featured-snippet | video,5.7,estimated,11,12,false,Arbeitnehmerüberlassung Recht und Compliance,Employee Leasing Law and Compliance
inklusion zeitarbeit,informational,body,Trend,187,33,1.72,people-also-ask,5.7,estimated,12,13,false,Zeitarbeit Software und Prozessmanagement,Temporary Work Software and Process Management
personalakte führen,informational,body,Aufgabe,239,42,1.84,featured-snippet | people-also-ask | video,5.7,estimated,6,7,false,Personaleinsatzplanung und Verwaltung,Personnel Scheduling and Administration
gefährdungsbeurteilung zeitarbeit,informational,longtail,Pflicht,189,33,0.5,featured-snippet | people-also-ask | video,5.7,estimated,12,13,false,Zeitarbeit Software und Prozessmanagement,Temporary Work Software and Process Management
urlaubsgeld zeitarbeit,informational,body,Wissensfrage,86,15,1.63,featured-snippet | people-also-ask | video,5.7,estimated,11,12,false,Arbeitnehmerüberlassung Recht und Compliance,Employee Leasing Law and Compliance
verleihverbot bau,informational,body,Branche,261,47,2.25,featured-snippet | video,5.6,estimated,4,5,false,Personalgewinnung und Bewerbermanagement Catch-all,Talent Acquisition and Applicant Management Catch-all
zeitarbeitsbranche 2026,informational,longtail,Aktuell,190,34,0.99,featured-snippet,5.6,estimated,11,12,false,Arbeitnehmerüberlassung Recht und Compliance,Employee Leasing Law and Compliance
zvoove alternative,commercial,body,Wettbewerb,50,73,6.98,shopping | site-links,0.7,estimated,3,4,false,Zvoove Softwareprodukte und Features,Zvoove Software Products and Features
bewerber pool aufbauen,informational,longtail,Methode,96,17,0.91,featured-snippet | video,5.6,estimated,3,4,false,Zvoove Softwareprodukte und Features,Zvoove Software Products and Features
mitarbeitermotivation zeitarbeit,informational,longtail,Strategie,144,26,1.57,featured-snippet | video,5.5,estimated,11,12,false,Arbeitnehmerüberlassung Recht und Compliance,Employee Leasing Law and Compliance
aüg erlaubnis kosten,informational,longtail,Pricing,176,32,1.5,featured-snippet | video,5.5,estimated,8,9,false,Liquidität und Tarifkosten Zeitarbeit,Liquidity Management and Wage Tariffs
mindestlohn entwicklung 2026,informational,longtail,Politik,121,22,0.42,people-also-ask,5.5,estimated,8,9,false,Liquidität und Tarifkosten Zeitarbeit,Liquidity Management and Wage Tariffs
weihnachtsgeld zeitarbeitnehmer,informational,longtail,Wissensfrage,113,21,0.36,featured-snippet | video,5.4,estimated,12,13,false,Zeitarbeit Software und Prozessmanagement,Temporary Work Software and Process Management
personalakte digital,commercial,body,Trend,221,41,8.91,ads | site-links,5.4,estimated,7,8,false,Digitalisierung Personaldienstleistungen und KI,Digital Transformation of HR Services and AI
zeiterfassung app zeitarbeit,commercial,longtail,Spezialisierung,159,30,7.49,site-links,5.3,estimated,1,2,false,Zeiterfassungs- und Arbeitszeitverwaltung,Time Tracking and Work Hour Management
einsatzplanung excel ablösen,informational,longtail,Migration,195,37,1.3,people-also-ask | video,5.3,estimated,7,8,false,Digitalisierung Personaldienstleistungen und KI,Digital Transformation of HR Services and AI
zeitarbeit verwaltungssoftware,commercial,body,Synonym,227,43,3.41,ads | shopping,5.3,estimated,1,2,false,Zeiterfassungs- und Arbeitszeitverwaltung,Time Tracking and Work Hour Management
predictive analytics personal,informational,longtail,Tech,137,26,0.44,video,5.3,estimated,7,8,false,Digitalisierung Personaldienstleistungen und KI,Digital Transformation of HR Services and AI
sanktionen aüg verstoß,informational,longtail,Risiko,165,31,1.92,featured-snippet | people-also-ask,5.3,estimated,5,6,false,Zeitarbeit Regulierung und Markttrends,Temporary Work Regulation and Market Trends
mitarbeiterzufriedenheit messen,informational,longtail,Methode,158,30,2.32,featured-snippet | people-also-ask,5.3,estimated,11,12,false,Arbeitnehmerüberlassung Recht und Compliance,Employee Leasing Law and Compliance
zeitarbeit software mittelstand,commercial,longtail,Segment,152,29,8.89,shopping | site-links,5.2,estimated,1,2,false,Zeiterfassungs- und Arbeitszeitverwaltung,Time Tracking and Work Hour Management
ki sourcing tool,commercial,longtail,Tool,150,29,4.82,site-links,5.2,estimated,2,3,false,KI-gestützte Recruiting-Automatisierung,AI-Powered Recruiting Automation
zeitarbeit software einführung,commercial,longtail,Implementation,172,34,11.96,shopping,5.1,estimated,1,2,false,Zeiterfassungs- und Arbeitszeitverwaltung,Time Tracking and Work Hour Management
bias ki recruiting,informational,longtail,Risiko,197,39,0.31,people-also-ask,5.1,estimated,2,3,false,KI-gestützte Recruiting-Automatisierung,AI-Powered Recruiting Automation
höchstüberlassungsdauer tarifvertrag,informational,longtail,Tarif,152,30,2.11,people-also-ask | video,5.1,estimated,8,9,false,Liquidität und Tarifkosten Zeitarbeit,Liquidity Management and Wage Tariffs
gesundheitsuntersuchung zeitarbeit,informational,longtail,Pflicht,147,29,2.01,people-also-ask,5.1,estimated,12,13,false,Zeitarbeit Software und Prozessmanagement,Temporary Work Software and Process Management
personalverwaltung software,commercial,body,Tool,184,36,7.63,ads | shopping,5.1,estimated,10,11,false,HR-Verwaltungssoftware für KMU,HR Administration Software for SMEs
qualifikationsmatrix erstellen,informational,longtail,Methode,55,11,1.08,featured-snippet | video,5.0,estimated,4,5,false,Personalgewinnung und Bewerbermanagement Catch-all,Talent Acquisition and Applicant Management Catch-all
bgm zeitarbeit,informational,body,Strategie,165,33,2.02,featured-snippet | people-also-ask,5.0,estimated,12,13,false,Zeitarbeit Software und Prozessmanagement,Temporary Work Software and Process Management
zeiterfassung dsgvo,informational,longtail,Compliance,150,30,1.71,featured-snippet | people-also-ask,5.0,estimated,12,13,false,Zeitarbeit Software und Prozessmanagement,Temporary Work Software and Process Management
working capital zeitarbeit,informational,longtail,Finanzbegriff,84,17,1.68,people-also-ask | video,4.9,estimated,11,12,false,Arbeitnehmerüberlassung Recht und Compliance,Employee Leasing Law and Compliance
aüg statistik wann,informational,longtail,Frist,166,34,2.0,featured-snippet | people-also-ask | video,4.9,estimated,5,6,false,Zeitarbeit Regulierung und Markttrends,Temporary Work Regulation and Market Trends
zvoove software erfahrungen,commercial,longtail,Reviewsuche,179,37,10.85,shopping | site-links,4.8,estimated,10,11,false,HR-Verwaltungssoftware für KMU,HR Administration Software for SMEs
fairness ki bewerbermanagement,informational,longtail,Risiko,90,19,0.5,people-also-ask,4.7,estimated,6,7,false,Personaleinsatzplanung und Verwaltung,Personnel Scheduling and Administration
nachtzuschlag zeitarbeit,informational,longtail,Wissensfrage,89,19,2.48,featured-snippet | people-also-ask | video,4.7,estimated,12,13,false,Zeitarbeit Software und Prozessmanagement,Temporary Work Software and Process Management
zeiterfassung gebäudereinigung,commercial,longtail,Branche,184,39,9.28,ads | site-links,4.7,estimated,9,10,false,Gebäudereinigungs-Spezialisoftware,Building Cleaning Specialized Software
factoring personaldienstleister,commercial,body,Zielgruppe,288,61,10.69,shopping | site-links,4.7,estimated,6,7,false,Personaleinsatzplanung und Verwaltung,Personnel Scheduling and Administration
factoring vs bankkredit,informational,longtail,Vergleich,85,18,1.91,video,4.7,estimated,0,1,false,Factoring Buchhaltung und Genehmigung,Factoring Accounting and Licensing
finanzierung zeitarbeitsfirma,informational,body,Bedarf,200,43,1.11,featured-snippet,4.7,estimated,12,13,false,Zeitarbeit Software und Prozessmanagement,Temporary Work Software and Process Management
überlassungsvertrag inhalt,informational,longtail,Wissen,175,37,2.5,people-also-ask | video,4.7,estimated,5,6,false,Zeitarbeit Regulierung und Markttrends,Temporary Work Regulation and Market Trends
factoring datev,informational,longtail,Integration,110,24,1.95,featured-snippet | people-also-ask,4.6,estimated,0,1,false,Factoring Buchhaltung und Genehmigung,Factoring Accounting and Licensing
mitarbeiter werben zeitarbeit,informational,longtail,Recruiting-Aufgabe,106,23,0.37,featured-snippet | people-also-ask,4.6,estimated,11,12,false,Arbeitnehmerüberlassung Recht und Compliance,Employee Leasing Law and Compliance
mitarbeiter app zeitarbeit,commercial,longtail,App,173,38,2.22,ads | shopping,4.6,estimated,1,2,false,Zeiterfassungs- und Arbeitszeitverwaltung,Time Tracking and Work Hour Management
digitalisierungsstrategie zeitarbeit,informational,longtail,Strategie,158,34,2.02,featured-snippet | video,4.6,estimated,7,8,false,Digitalisierung Personaldienstleistungen und KI,Digital Transformation of HR Services and AI
kettenüberlassung,informational,body,Verbot,183,41,1.56,people-also-ask | video,4.5,estimated,4,5,false,Personalgewinnung und Bewerbermanagement Catch-all,Talent Acquisition and Applicant Management Catch-all
mobile zeiterfassung gebäudereinigung,commercial,longtail,Tool,136,30,5.26,shopping,4.5,estimated,9,10,false,Gebäudereinigungs-Spezialisoftware,Building Cleaning Specialized Software
employer branding kmu,informational,longtail,Segment,182,40,2.16,featured-snippet | video,4.5,estimated,11,12,false,Arbeitnehmerüberlassung Recht und Compliance,Employee Leasing Law and Compliance
forderungsmanagement software,commercial,body,Tool,295,67,10.73,site-links,4.4,estimated,10,11,false,HR-Verwaltungssoftware für KMU,HR Administration Software for SMEs
factoring gebühren,commercial,body,Pricing,222,51,8.92,site-links,4.4,estimated,8,9,false,Liquidität und Tarifkosten Zeitarbeit,Liquidity Management and Wage Tariffs
leistungsverzeichnis reinigung,informational,longtail,Vorlage,88,20,1.42,featured-snippet | people-also-ask,4.4,estimated,9,10,false,Gebäudereinigungs-Spezialisoftware,Building Cleaning Specialized Software
software für personaldienstleister,commercial,body,zvoove Hauptzielgruppe,159,37,10.66,ads | shopping,4.3,estimated,10,11,false,HR-Verwaltungssoftware für KMU,HR Administration Software for SMEs
zvoove integration datev,commercial,longtail,Integration DATEV,183,43,4.03,shopping | site-links,4.3,estimated,3,4,false,Zvoove Softwareprodukte und Features,Zvoove Software Products and Features
factoring vs kontokorrent,informational,longtail,Vergleich,107,25,2.23,people-also-ask,4.3,estimated,0,1,false,Factoring Buchhaltung und Genehmigung,Factoring Accounting and Licensing
auftragsverwaltung gebäudereinigung,commercial,longtail,Tool,197,47,9.72,ads,4.2,estimated,9,10,false,Gebäudereinigungs-Spezialisoftware,Building Cleaning Specialized Software
hr automatisierung kmu,informational,longtail,Trend,83,20,0.62,featured-snippet,4.2,estimated,7,8,false,Digitalisierung Personaldienstleistungen und KI,Digital Transformation of HR Services and AI
abwesenheitsmanagement software,commercial,body,Tool,262,63,3.04,ads | shopping | site-links,4.2,estimated,10,11,false,HR-Verwaltungssoftware für KMU,HR Administration Software for SMEs
zeiterfassung baustelle,commercial,longtail,Branche,129,31,8.8,ads | shopping,4.2,estimated,12,13,false,Zeitarbeit Software und Prozessmanagement,Temporary Work Software and Process Management
go live software zeitarbeit,informational,longtail,Implementation,88,21,1.02,featured-snippet | people-also-ask | video,4.2,estimated,1,2,false,Zeiterfassungs- und Arbeitszeitverwaltung,Time Tracking and Work Hour Management
hotline software zeitarbeit,commercial,longtail,Service,173,41,5.91,site-links,4.2,estimated,1,2,false,Zeiterfassungs- und Arbeitszeitverwaltung,Time Tracking and Work Hour Management
prompt engineering recruiting,informational,longtail,Tech,106,26,0.55,people-also-ask | video,4.1,estimated,2,3,false,KI-gestützte Recruiting-Automatisierung,AI-Powered Recruiting Automation
zeitarbeit corona auswirkung,informational,longtail,Marktanalyse,138,34,1.27,people-also-ask,4.1,estimated,12,13,false,Zeitarbeit Software und Prozessmanagement,Temporary Work Software and Process Management
stellenanzeige vorlage zeitarbeit,informational,longtail,Vorlage,49,12,0.8,featured-snippet | people-also-ask,4.1,estimated,12,13,false,Zeitarbeit Software und Prozessmanagement,Temporary Work Software and Process Management
factoring kosten zeitarbeit,commercial,longtail,Pricing,170,41,5.81,ads | shopping,4.1,estimated,8,9,false,Liquidität und Tarifkosten Zeitarbeit,Liquidity Management and Wage Tariffs
beste jobbörsen deutschland,informational,body,Recherche,98,24,1.22,people-also-ask,4.1,estimated,5,6,false,Zeitarbeit Regulierung und Markttrends,Temporary Work Regulation and Market Trends
hr kennzahlen zeitarbeit,informational,longtail,KPI,131,32,1.17,people-also-ask,4.1,estimated,12,13,false,Zeitarbeit Software und Prozessmanagement,Temporary Work Software and Process Management
chatgpt im recruiting,informational,longtail,Trend,155,38,1.91,people-also-ask | video,4.1,estimated,2,3,false,KI-gestützte Recruiting-Automatisierung,AI-Powered Recruiting Automation
mitarbeitergespräch vorlage,informational,longtail,Vorlage,128,31,1.95,people-also-ask | video,4.1,estimated,6,7,false,Personaleinsatzplanung und Verwaltung,Personnel Scheduling and Administration
arbeitsvertrag zeitarbeit vorlage,informational,longtail,Vorlage,57,14,2.4,featured-snippet,4.1,estimated,11,12,false,Arbeitnehmerüberlassung Recht und Compliance,Employee Leasing Law and Compliance
xml import jobbörse,informational,longtail,Tech,140,35,2.15,people-also-ask | video,4.0,estimated,10,11,false,HR-Verwaltungssoftware für KMU,HR Administration Software for SMEs
gobd konforme archivierung,informational,longtail,Compliance,117,29,0.87,video,4.0,estimated,7,8,false,Digitalisierung Personaldienstleistungen und KI,Digital Transformation of HR Services and AI
arbeitnehmerüberlassung werkvertrag abgrenzung,informational,longtail,Wissen,119,30,2.25,featured-snippet | people-also-ask | video,4.0,estimated,11,12,false,Arbeitnehmerüberlassung Recht und Compliance,Employee Leasing Law and Compliance
arbeitsschutzunterweisung zeitarbeit,informational,longtail,Pflicht,154,39,2.26,people-also-ask | video,3.9,estimated,11,12,false,Arbeitnehmerüberlassung Recht und Compliance,Employee Leasing Law and Compliance
schichtplanung software,commercial,body,Tool,225,57,6.24,ads,3.9,estimated,10,11,false,HR-Verwaltungssoftware für KMU,HR Administration Software for SMEs
gebäudereiniger tarifvertrag 2026,informational,longtail,Tarif,59,15,1.38,video,3.9,estimated,8,9,false,Liquidität und Tarifkosten Zeitarbeit,Liquidity Management and Wage Tariffs
zvoove cashlink kosten,commercial,longtail,Pricing,104,27,10.01,shopping | site-links,3.9,estimated,3,4,false,Zvoove Softwareprodukte und Features,Zvoove Software Products and Features
mindestlohn gebäudereinigung,informational,longtail,Tarif,136,35,1.36,featured-snippet,3.9,estimated,9,10,false,Gebäudereinigungs-Spezialisoftware,Building Cleaning Specialized Software
erp personaldienstleister,commercial,body,Kategoriebegriff,142,36,4.85,ads | shopping,3.9,estimated,6,7,false,Personaleinsatzplanung und Verwaltung,Personnel Scheduling and Administration
zvoove case study recruiting,commercial,longtail,Asset,143,38,6.52,ads | site-links,3.8,estimated,2,3,false,KI-gestützte Recruiting-Automatisierung,AI-Powered Recruiting Automation
zvoove cockpit funktionen,commercial,longtail,Funktionen,165,43,3.13,shopping,3.8,estimated,3,4,false,Zvoove Softwareprodukte und Features,Zvoove Software Products and Features
lohnabrechnung personaldienstleister,commercial,body,Zielgruppe,276,72,7.6,shopping | site-links,3.8,estimated,6,7,false,Personaleinsatzplanung und Verwaltung,Personnel Scheduling and Administration
bewerberprozess automatisieren,informational,longtail,Trend,172,45,1.88,video,3.8,estimated,7,8,false,Digitalisierung Personaldienstleistungen und KI,Digital Transformation of HR Services and AI
mitarbeiterstammdaten,informational,body,Begriff,105,28,1.76,featured-snippet | people-also-ask,3.8,estimated,6,7,false,Personaleinsatzplanung und Verwaltung,Personnel Scheduling and Administration
glasreinigung kalkulation,informational,longtail,Branche,118,31,1.29,featured-snippet,3.8,estimated,9,10,false,Gebäudereinigungs-Spezialisoftware,Building Cleaning Specialized Software
cloud dsgvo zeitarbeit,informational,longtail,Compliance,169,44,0.44,video,3.8,estimated,1,2,false,Zeiterfassungs- und Arbeitszeitverwaltung,Time Tracking and Work Hour Management
remote arbeiten personaldienstleister,informational,longtail,Trend,53,14,1.19,video,3.8,estimated,6,7,false,Personaleinsatzplanung und Verwaltung,Personnel Scheduling and Administration
forderungsverkauf zeitarbeit,commercial,longtail,Synonym,192,50,8.72,shopping | site-links,3.8,estimated,12,13,false,Zeitarbeit Software und Prozessmanagement,Temporary Work Software and Process Management
support zvoove,commercial,longtail,Service,154,41,5.56,ads,3.8,estimated,3,4,false,Zvoove Softwareprodukte und Features,Zvoove Software Products and Features
lohnabrechnung beispiel zeitarbeit,informational,longtail,Vorlagen-Suche,56,15,0.53,featured-snippet,3.7,estimated,12,13,false,Zeitarbeit Software und Prozessmanagement,Temporary Work Software and Process Management
software zeitarbeit kleine firma,commercial,longtail,Segment Klein,111,30,4.71,site-links,3.7,estimated,1,2,false,Zeiterfassungs- und Arbeitszeitverwaltung,Time Tracking and Work Hour Management
zeitarbeit software vergleich,commercial,longtail,Bottom-Funnel,149,40,11.84,shopping,3.7,estimated,1,2,false,Zeiterfassungs- und Arbeitszeitverwaltung,Time Tracking and Work Hour Management
saas vs on premise zeitarbeit,informational,longtail,Vergleich,149,40,1.09,featured-snippet | people-also-ask,3.7,estimated,12,13,false,Zeitarbeit Software und Prozessmanagement,Temporary Work Software and Process Management
sozialversicherung zeitarbeitnehmer,informational,longtail,Spezialisierung,149,41,1.39,people-also-ask | video,3.6,estimated,11,12,false,Arbeitnehmerüberlassung Recht und Compliance,Employee Leasing Law and Compliance
zeitarbeit komplettlösung,commercial,longtail,USP-orientiert,197,55,4.23,shopping,3.6,estimated,12,13,false,Zeitarbeit Software und Prozessmanagement,Temporary Work Software and Process Management
factoring online beantragen,commercial,longtail,Conversion,164,46,2.67,ads | shopping,3.6,estimated,0,1,false,Factoring Buchhaltung und Genehmigung,Factoring Accounting and Licensing
schwarzarbeit zeitarbeit,informational,body,Risiko,188,52,2.24,featured-snippet | people-also-ask,3.6,estimated,12,13,false,Zeitarbeit Software und Prozessmanagement,Temporary Work Software and Process Management
zeiterfassung kostenlos,commercial,longtail,Sparvariante,171,47,10.83,ads | shopping,3.6,estimated,12,13,false,Zeitarbeit Software und Prozessmanagement,Temporary Work Software and Process Management
mitarbeitergespräche dokumentieren,informational,longtail,Aufgabe,43,12,1.6,people-also-ask | video,3.6,estimated,6,7,false,Personaleinsatzplanung und Verwaltung,Personnel Scheduling and Administration
inflation lohn zeitarbeit,informational,longtail,Marktanalyse,162,45,2.39,people-also-ask | video,3.6,estimated,8,9,false,Liquidität und Tarifkosten Zeitarbeit,Liquidity Management and Wage Tariffs
hybrides arbeiten zeitarbeit,informational,longtail,Trend,105,29,1.23,featured-snippet,3.6,estimated,12,13,false,Zeitarbeit Software und Prozessmanagement,Temporary Work Software and Process Management
fintech zeitarbeit,informational,longtail,Trend,90,26,1.03,featured-snippet | people-also-ask,3.5,estimated,12,13,false,Zeitarbeit Software und Prozessmanagement,Temporary Work Software and Process Management
zessionskredit zeitarbeit,informational,longtail,Finanzierung,91,26,0.34,people-also-ask,3.5,estimated,12,13,false,Zeitarbeit Software und Prozessmanagement,Temporary Work Software and Process Management
arbeitszeugnis vorlage zeitarbeitnehmer,informational,longtail,Vorlage,155,44,2.42,video,3.5,estimated,11,12,false,Arbeitnehmerüberlassung Recht und Compliance,Employee Leasing Law and Compliance
qualifizierung zeitarbeitnehmer,informational,longtail,Strategie,144,41,0.86,featured-snippet,3.5,estimated,11,12,false,Arbeitnehmerüberlassung Recht und Compliance,Employee Leasing Law and Compliance
esg personaldienstleister,informational,longtail,Trend,76,22,0.46,featured-snippet | people-also-ask,3.5,estimated,6,7,false,Personaleinsatzplanung und Verwaltung,Personnel Scheduling and Administration
auswahl kandidaten ki,informational,longtail,Methode,142,40,0.9,featured-snippet | video,3.5,estimated,2,3,false,KI-gestützte Recruiting-Automatisierung,AI-Powered Recruiting Automation
zeiterfassung kosten,commercial,body,Pricing,219,65,10.8,ads | site-links,3.4,estimated,8,9,false,Liquidität und Tarifkosten Zeitarbeit,Liquidity Management and Wage Tariffs
mitarbeiterportal software,commercial,body,Tool,155,45,10.74,site-links,3.4,estimated,10,11,false,HR-Verwaltungssoftware für KMU,HR Administration Software for SMEs
equal pay ausnahmen,informational,longtail,Spezialfall,120,35,1.99,featured-snippet | people-also-ask | video,3.4,estimated,8,9,false,Liquidität und Tarifkosten Zeitarbeit,Liquidity Management and Wage Tariffs
personaleinsatzplanung software,commercial,body,Tool,222,66,9.18,ads | site-links,3.4,estimated,10,11,false,HR-Verwaltungssoftware für KMU,HR Administration Software for SMEs
zeitarbeit politik regulierung,informational,longtail,Politik,71,21,1.77,featured-snippet | video,3.4,estimated,12,13,false,Zeitarbeit Software und Prozessmanagement,Temporary Work Software and Process Management
revierplanung reinigung,informational,longtail,Branche,148,43,1.88,featured-snippet,3.4,estimated,9,10,false,Gebäudereinigungs-Spezialisoftware,Building Cleaning Specialized Software
branchensoftware zeitarbeit,commercial,body,Kategorie,197,60,4.38,ads | shopping | site-links,3.3,estimated,1,2,false,Zeiterfassungs- und Arbeitszeitverwaltung,Time Tracking and Work Hour Management
ki personalisierung jobangebot,informational,longtail,Methode,114,35,0.87,people-also-ask,3.3,estimated,6,7,false,Personaleinsatzplanung und Verwaltung,Personnel Scheduling and Administration
zeitarbeit software mobile app,commercial,longtail,Mobile,128,39,6.12,ads,3.3,estimated,1,2,false,Zeiterfassungs- und Arbeitszeitverwaltung,Time Tracking and Work Hour Management
investition software zeitarbeit,commercial,longtail,Business Case,144,44,10.82,shopping | site-links,3.3,estimated,1,2,false,Zeiterfassungs- und Arbeitszeitverwaltung,Time Tracking and Work Hour Management
ki disposition zeitarbeit,informational,longtail,Tech,135,41,2.32,video,3.3,estimated,12,13,false,Zeitarbeit Software und Prozessmanagement,Temporary Work Software and Process Management
make integromat hr,commercial,longtail,Tool,155,47,4.09,ads | shopping | site-links,3.3,estimated,4,5,false,Personalgewinnung und Bewerbermanagement Catch-all,Talent Acquisition and Applicant Management Catch-all
überlassungsvertrag muster,informational,longtail,Vorlage,131,40,0.5,featured-snippet | video,3.3,estimated,5,6,false,Zeitarbeit Regulierung und Markttrends,Temporary Work Regulation and Market Trends
mindestlohn zeitarbeit 2026,informational,longtail,Aktuell,70,22,0.5,featured-snippet | people-also-ask,3.2,estimated,11,12,false,Arbeitnehmerüberlassung Recht und Compliance,Employee Leasing Law and Compliance
self service portal mitarbeiter,commercial,longtail,Tool,102,32,8.81,site-links,3.2,estimated,7,8,false,Digitalisierung Personaldienstleistungen und KI,Digital Transformation of HR Services and AI
unechtes factoring,informational,body,Variante,161,51,0.91,featured-snippet | video,3.2,estimated,0,1,false,Factoring Buchhaltung und Genehmigung,Factoring Accounting and Licensing
factoring vergleich anbieter,commercial,longtail,Vergleich,140,44,11.98,ads,3.2,estimated,0,1,false,Factoring Buchhaltung und Genehmigung,Factoring Accounting and Licensing
qualitätsmanagement gebäudereinigung,informational,body,Branche,172,54,1.75,featured-snippet,3.2,estimated,9,10,false,Gebäudereinigungs-Spezialisoftware,Building Cleaning Specialized Software
aüg erlaubnis verlängern,informational,longtail,Verfahren,134,43,2.13,people-also-ask,3.1,estimated,5,6,false,Zeitarbeit Regulierung und Markttrends,Temporary Work Regulation and Market Trends
feiertagszuschlag zeitarbeit,informational,longtail,Wissensfrage,95,31,2.44,featured-snippet,3.1,estimated,12,13,false,Zeitarbeit Software und Prozessmanagement,Temporary Work Software and Process Management
reinigungskalkulation software,commercial,longtail,Tool,196,64,2.84,shopping,3.1,estimated,9,10,false,Gebäudereinigungs-Spezialisoftware,Building Cleaning Specialized Software
projekterfolg digitalisierung,informational,longtail,Marketing,86,29,0.75,video,3.0,estimated,7,8,false,Digitalisierung Personaldienstleistungen und KI,Digital Transformation of HR Services and AI
zvoove erfolgsstory,commercial,longtail,Marketing,94,31,5.41,ads | site-links,3.0,estimated,3,4,false,Zvoove Softwareprodukte und Features,Zvoove Software Products and Features
zvoove webinar,commercial,longtail,Lead-Magnet,129,43,8.67,ads,3.0,estimated,3,4,false,Zvoove Softwareprodukte und Features,Zvoove Software Products and Features
dokumentenmanagement personaldienstleister,commercial,longtail,Tool,186,63,2.31,site-links,3.0,estimated,6,7,false,Personaleinsatzplanung und Verwaltung,Personnel Scheduling and Administration
homeoffice disponent,informational,longtail,Trend,81,27,1.9,featured-snippet,3.0,estimated,6,7,false,Personaleinsatzplanung und Verwaltung,Personnel Scheduling and Administration
bewerbermanagement vergleich,commercial,longtail,Vergleich,136,45,6.89,ads,3.0,estimated,10,11,false,HR-Verwaltungssoftware für KMU,HR Administration Software for SMEs
zeitarbeit software anbieter,commercial,longtail,Anbietersuche,84,28,2.2,ads,3.0,estimated,1,2,false,Zeiterfassungs- und Arbeitszeitverwaltung,Time Tracking and Work Hour Management
mobile crm zeitarbeit,commercial,longtail,Tool,190,65,5.97,shopping | site-links,2.9,estimated,1,2,false,Zeiterfassungs- und Arbeitszeitverwaltung,Time Tracking and Work Hour Management
gebäudereinigung software vergleich,commercial,longtail,Vergleich,134,47,9.67,ads | shopping | site-links,2.9,estimated,9,10,false,Gebäudereinigungs-Spezialisoftware,Building Cleaning Specialized Software
ki gesetz personaldienstleister,informational,longtail,Recht,97,34,0.36,featured-snippet | people-also-ask,2.9,estimated,6,7,false,Personaleinsatzplanung und Verwaltung,Personnel Scheduling and Administration
xing kosten arbeitgeber,informational,body,Pricing,98,34,0.37,people-also-ask | video,2.9,estimated,8,9,false,Liquidität und Tarifkosten Zeitarbeit,Liquidity Management and Wage Tariffs
kostenoptimierung zeitarbeit,informational,longtail,Strategie,58,20,0.65,featured-snippet,2.9,estimated,8,9,false,Liquidität und Tarifkosten Zeitarbeit,Liquidity Management and Wage Tariffs
liquiditätsengpass vermeiden,informational,longtail,Best Practice,46,16,0.63,people-also-ask | video,2.9,estimated,8,9,false,Liquidität und Tarifkosten Zeitarbeit,Liquidity Management and Wage Tariffs
aüg unbefristete erlaubnis,informational,longtail,Status,113,39,0.94,video,2.9,estimated,5,6,false,Zeitarbeit Regulierung und Markttrends,Temporary Work Regulation and Market Trends
stepstone alternative,commercial,body,Wettbewerb,141,48,5.71,ads | site-links,2.9,estimated,4,5,false,Personalgewinnung und Bewerbermanagement Catch-all,Talent Acquisition and Applicant Management Catch-all
software für arbeitnehmerüberlassung,commercial,longtail,Synonym AÜG,95,33,10.31,ads | shopping,2.9,estimated,10,11,false,HR-Verwaltungssoftware für KMU,HR Administration Software for SMEs
factoring online plattform,commercial,longtail,Tool,135,46,7.02,shopping | site-links,2.9,estimated,0,1,false,Factoring Buchhaltung und Genehmigung,Factoring Accounting and Licensing
zeitarbeit software dsgvo,commercial,longtail,Compliance-Filter,85,30,8.36,shopping,2.8,estimated,1,2,false,Zeiterfassungs- und Arbeitszeitverwaltung,Time Tracking and Work Hour Management
ampel zeitarbeit,informational,longtail,Politik,120,43,2.25,video,2.8,estimated,12,13,false,Zeitarbeit Software und Prozessmanagement,Temporary Work Software and Process Management
zapier zeitarbeit,commercial,longtail,Tool,133,48,8.15,ads | shopping | site-links,2.8,estimated,12,13,false,Zeitarbeit Software und Prozessmanagement,Temporary Work Software and Process Management
zvoove schnittstellen,commercial,longtail,Integration,103,37,11.54,ads | site-links,2.8,estimated,3,4,false,Zvoove Softwareprodukte und Features,Zvoove Software Products and Features
zeitarbeit pflege markt,informational,longtail,Branche,99,35,0.93,featured-snippet | video,2.8,estimated,12,13,false,Zeitarbeit Software und Prozessmanagement,Temporary Work Software and Process Management
automatisierte lohnabrechnung,commercial,longtail,Trend,84,31,4.1,ads | site-links,2.7,estimated,7,8,false,Digitalisierung Personaldienstleistungen und KI,Digital Transformation of HR Services and AI
generative ai zeitarbeit,informational,longtail,Trend,124,46,0.95,featured-snippet | people-also-ask,2.7,estimated,12,13,false,Zeitarbeit Software und Prozessmanagement,Temporary Work Software and Process Management
zuschläge berechnen zeitarbeit,informational,longtail,Wissensfrage,52,19,1.13,featured-snippet,2.7,estimated,12,13,false,Zeitarbeit Software und Prozessmanagement,Temporary Work Software and Process Management
disposition zeitarbeit software,commercial,longtail,Funktion,161,63,10.82,ads | site-links,2.6,estimated,1,2,false,Zeiterfassungs- und Arbeitszeitverwaltung,Time Tracking and Work Hour Management
lohnabrechnung externer dienstleister,commercial,longtail,Service,132,51,4.71,site-links,2.6,estimated,6,7,false,Personaleinsatzplanung und Verwaltung,Personnel Scheduling and Administration
aüg erlaubnis voraussetzungen,informational,longtail,Anforderungen,105,40,1.37,featured-snippet | people-also-ask,2.6,estimated,5,6,false,Zeitarbeit Regulierung und Markttrends,Temporary Work Regulation and Market Trends
hyperautomation hr,informational,longtail,Tech,64,25,1.92,video,2.6,estimated,7,8,false,Digitalisierung Personaldienstleistungen und KI,Digital Transformation of HR Services and AI
forderungsmanagement zeitarbeit,commercial,longtail,Aufgabe,70,27,6.56,shopping,2.6,estimated,12,13,false,Zeitarbeit Software und Prozessmanagement,Temporary Work Software and Process Management
workflow automatisierung zeitarbeit,commercial,longtail,Tool,97,37,2.09,shopping,2.6,estimated,1,2,false,Zeiterfassungs- und Arbeitszeitverwaltung,Time Tracking and Work Hour Management
elektronische signatur zeitarbeit,commercial,longtail,Tool,167,64,4.61,site-links,2.6,estimated,7,8,false,Digitalisierung Personaldienstleistungen und KI,Digital Transformation of HR Services and AI
testimonial zeitarbeit software,commercial,longtail,Trust,80,31,9.98,shopping,2.6,estimated,1,2,false,Zeiterfassungs- und Arbeitszeitverwaltung,Time Tracking and Work Hour Management
factoring nachteile,informational,body,Nutzen,120,46,1.53,people-also-ask,2.6,estimated,0,1,false,Factoring Buchhaltung und Genehmigung,Factoring Accounting and Licensing
abopreis software pro nutzer,commercial,longtail,Pricing,143,57,4.62,ads,2.5,estimated,10,11,false,HR-Verwaltungssoftware für KMU,HR Administration Software for SMEs
zvoove gebäudedienstleistung,commercial,longtail,Brand,142,57,6.58,site-links,2.5,estimated,9,10,false,Gebäudereinigungs-Spezialisoftware,Building Cleaning Specialized Software
zvoove one demo,commercial,longtail,Lead-Magnet Trigger,157,66,3.13,shopping | site-links,2.4,estimated,3,4,false,Zvoove Softwareprodukte und Features,Zvoove Software Products and Features
adecco konkurrenz,informational,longtail,Wettbewerb,40,17,0.31,people-also-ask,2.4,estimated,2,3,false,KI-gestützte Recruiting-Automatisierung,AI-Powered Recruiting Automation
stundenzettel app zeitarbeit,commercial,longtail,App,67,28,3.47,ads | site-links,2.4,estimated,1,2,false,Zeiterfassungs- und Arbeitszeitverwaltung,Time Tracking and Work Hour Management
prozessautomatisierung personaldienstleister,informational,longtail,Trend,55,24,0.8,featured-snippet | people-also-ask,2.3,estimated,7,8,false,Digitalisierung Personaldienstleistungen und KI,Digital Transformation of HR Services and AI
ocr personaldokumente,commercial,longtail,Tech,109,47,6.39,shopping | site-links,2.3,estimated,6,7,false,Personaleinsatzplanung und Verwaltung,Personnel Scheduling and Administration
stellenanzeige formulieren,informational,longtail,Wie-Frage,92,40,1.43,video,2.3,estimated,4,5,false,Personalgewinnung und Bewerbermanagement Catch-all,Talent Acquisition and Applicant Management Catch-all
software wirtschaftlichkeit nachweisen,informational,longtail,Methode,62,27,1.49,people-also-ask | video,2.3,estimated,10,11,false,HR-Verwaltungssoftware für KMU,HR Administration Software for SMEs
mitarbeiterbindung zeitarbeit,informational,longtail,Strategie,29,13,2.2,featured-snippet,2.2,estimated,11,12,false,Arbeitnehmerüberlassung Recht und Compliance,Employee Leasing Law and Compliance
ai assistent personaldienstleister,informational,longtail,Trend,50,23,1.81,featured-snippet | video,2.2,estimated,6,7,false,Personaleinsatzplanung und Verwaltung,Personnel Scheduling and Administration
demand forecasting personal,informational,longtail,Tech,42,19,1.52,featured-snippet | people-also-ask,2.2,estimated,7,8,false,Digitalisierung Personaldienstleistungen und KI,Digital Transformation of HR Services and AI
disposition optimieren,informational,longtail,Optimierung,31,14,1.8,people-also-ask | video,2.2,estimated,4,5,false,Personalgewinnung und Bewerbermanagement Catch-all,Talent Acquisition and Applicant Management Catch-all
zvoove dms+ funktionen,commercial,longtail,Funktionen,138,63,6.49,site-links,2.2,estimated,3,4,false,Zvoove Softwareprodukte und Features,Zvoove Software Products and Features
zvoove recruit demo,commercial,longtail,Lead,78,36,6.27,ads | shopping,2.2,estimated,2,3,false,KI-gestützte Recruiting-Automatisierung,AI-Powered Recruiting Automation
qualifikationen verwalten zeitarbeit,commercial,longtail,Tool,70,32,7.25,ads | site-links,2.2,estimated,12,13,false,Zeitarbeit Software und Prozessmanagement,Temporary Work Software and Process Management
stellenanzeige schalten kosten,commercial,longtail,Pricing,79,36,6.31,ads | shopping,2.2,estimated,8,9,false,Liquidität und Tarifkosten Zeitarbeit,Liquidity Management and Wage Tariffs
qualitätskontrolle reinigung digital,informational,longtail,Tool,78,38,1.68,people-also-ask,2.1,estimated,9,10,false,Gebäudereinigungs-Spezialisoftware,Building Cleaning Specialized Software
amortisation hr software,commercial,longtail,Business Case,94,45,9.11,ads | shopping,2.1,estimated,10,11,false,HR-Verwaltungssoftware für KMU,HR Administration Software for SMEs
no code automatisierung hr,commercial,longtail,Tool,107,52,8.26,ads,2.1,estimated,10,11,false,HR-Verwaltungssoftware für KMU,HR Administration Software for SMEs
synchronisationsverbot zeitarbeit,informational,longtail,Verbot,87,43,1.92,featured-snippet,2.0,estimated,12,13,false,Zeitarbeit Software und Prozessmanagement,Temporary Work Software and Process Management
datenschutz bewerberdaten,informational,longtail,Compliance,41,20,1.81,featured-snippet | video,2.0,estimated,7,8,false,Digitalisierung Personaldienstleistungen und KI,Digital Transformation of HR Services and AI
zvoove payroll preise,commercial,longtail,Kaufphase,88,44,2.68,ads | shopping,2.0,estimated,3,4,false,Zvoove Softwareprodukte und Features,Zvoove Software Products and Features
zeiterfassung manipulationssicher,commercial,longtail,USP,95,48,11.11,shopping | site-links,2.0,estimated,12,13,false,Zeitarbeit Software und Prozessmanagement,Temporary Work Software and Process Management
zeitarbeit prozesse digitalisieren,informational,longtail,Beratung,85,42,0.48,featured-snippet | people-also-ask,2.0,estimated,7,8,false,Digitalisierung Personaldienstleistungen und KI,Digital Transformation of HR Services and AI
liquiditätsplanung zeitarbeit,informational,longtail,Methode,16,8,0.69,featured-snippet | people-also-ask | video,2.0,estimated,8,9,false,Liquidität und Tarifkosten Zeitarbeit,Liquidity Management and Wage Tariffs
zvoove cashlink erfahrungen,commercial,longtail,Reviews,59,30,8.13,ads,2.0,estimated,3,4,false,Zvoove Softwareprodukte und Features,Zvoove Software Products and Features
zeiterfassungssystem zeitarbeit,commercial,longtail,Spezialisierung,90,44,8.15,ads | shopping | site-links,2.0,estimated,12,13,false,Zeitarbeit Software und Prozessmanagement,Temporary Work Software and Process Management
machine learning personaldienstleistung,informational,longtail,Tech,18,9,2.31,people-also-ask | video,2.0,estimated,7,8,false,Digitalisierung Personaldienstleistungen und KI,Digital Transformation of HR Services and AI
hr reporting software,commercial,body,Tool,95,50,7.95,ads | site-links,1.9,estimated,10,11,false,HR-Verwaltungssoftware für KMU,HR Administration Software for SMEs
zvoove recruit preise,commercial,longtail,Kaufphase,79,41,4.6,ads | shopping,1.9,estimated,3,4,false,Zvoove Softwareprodukte und Features,Zvoove Software Products and Features
crm gebäudereinigung,commercial,body,Tool,133,70,10.07,ads | site-links,1.9,estimated,9,10,false,Gebäudereinigungs-Spezialisoftware,Building Cleaning Specialized Software
sondereinigung software,commercial,longtail,Branche,119,63,2.72,ads | shopping | site-links,1.9,estimated,10,11,false,HR-Verwaltungssoftware für KMU,HR Administration Software for SMEs
zvoove case study,commercial,longtail,Trust-Signal,75,40,7.89,shopping | site-links,1.9,estimated,3,4,false,Zvoove Softwareprodukte und Features,Zvoove Software Products and Features
nachweisgesetz zeitarbeit,informational,longtail,Gesetz,67,35,1.74,people-also-ask | video,1.9,estimated,12,13,false,Zeitarbeit Software und Prozessmanagement,Temporary Work Software and Process Management
plattformökonomie arbeit,informational,longtail,Trend,65,36,1.41,video,1.8,estimated,6,7,false,Personaleinsatzplanung und Verwaltung,Personnel Scheduling and Administration
candidate scoring ki,informational,longtail,Tech,60,33,1.48,featured-snippet | people-also-ask | video,1.8,estimated,2,3,false,KI-gestützte Recruiting-Automatisierung,AI-Powered Recruiting Automation
branchensoftware personaldienstleistung,commercial,body,Kategorie,93,51,7.25,site-links,1.8,estimated,10,11,false,HR-Verwaltungssoftware für KMU,HR Administration Software for SMEs
zeiterfassung biometrisch,commercial,longtail,Tech,100,57,10.73,ads | shopping,1.8,estimated,12,13,false,Zeitarbeit Software und Prozessmanagement,Temporary Work Software and Process Management
betriebsrat aüg mitbestimmung,informational,longtail,Mitbestimmung,56,32,1.21,featured-snippet | video,1.8,estimated,4,5,false,Personalgewinnung und Bewerbermanagement Catch-all,Talent Acquisition and Applicant Management Catch-all
zeitarbeit logistik wachstum,informational,longtail,Branche,55,31,1.61,people-also-ask | video,1.8,estimated,12,13,false,Zeitarbeit Software und Prozessmanagement,Temporary Work Software and Process Management
lohnabrechnung datev integration,commercial,longtail,Integration,50,30,5.06,shopping,1.7,estimated,4,5,false,Personalgewinnung und Bewerbermanagement Catch-all,Talent Acquisition and Applicant Management Catch-all
voice bot recruiting,commercial,longtail,Tool,54,32,9.7,shopping | site-links,1.7,estimated,2,3,false,KI-gestützte Recruiting-Automatisierung,AI-Powered Recruiting Automation
zvoove customer success,commercial,longtail,Brand-Trust,65,39,8.41,shopping | site-links,1.7,estimated,3,4,false,Zvoove Softwareprodukte und Features,Zvoove Software Products and Features
factoring zeitarbeitsunternehmen,commercial,longtail,Zielgruppe,101,61,3.35,site-links,1.7,estimated,12,13,false,Zeitarbeit Software und Prozessmanagement,Temporary Work Software and Process Management
qr code zeiterfassung,commercial,body,Tech,102,60,10.12,shopping | site-links,1.7,estimated,1,2,false,Zeiterfassungs- und Arbeitszeitverwaltung,Time Tracking and Work Hour Management
zeitarbeit software mac,commercial,longtail,Plattform,52,30,10.3,shopping,1.7,estimated,1,2,false,Zeiterfassungs- und Arbeitszeitverwaltung,Time Tracking and Work Hour Management
robotic process automation hr,informational,longtail,Tech,52,30,1.91,featured-snippet | people-also-ask,1.7,estimated,7,8,false,Digitalisierung Personaldienstleistungen und KI,Digital Transformation of HR Services and AI
factoring sofort liquidität,commercial,longtail,USP,72,42,11.39,ads | shopping,1.7,estimated,8,9,false,Liquidität und Tarifkosten Zeitarbeit,Liquidity Management and Wage Tariffs
zeitarbeit software api,commercial,longtail,Integration,105,63,6.26,site-links,1.7,estimated,1,2,false,Zeiterfassungs- und Arbeitszeitverwaltung,Time Tracking and Work Hour Management
betriebsmittelkredit zeitarbeit,informational,longtail,Finanzierung,51,30,0.35,people-also-ask,1.7,estimated,11,12,false,Arbeitnehmerüberlassung Recht und Compliance,Employee Leasing Law and Compliance
cost per hire berechnen,informational,longtail,KPI,75,44,1.83,featured-snippet,1.7,estimated,8,9,false,Liquidität und Tarifkosten Zeitarbeit,Liquidity Management and Wage Tariffs
bap lohntabelle,informational,longtail,Tarif,33,21,1.17,featured-snippet | people-also-ask,1.6,estimated,4,5,false,Personalgewinnung und Bewerbermanagement Catch-all,Talent Acquisition and Applicant Management Catch-all
kundenstimme erp,commercial,longtail,Trust,76,48,3.48,shopping | site-links,1.6,estimated,3,4,false,Zvoove Softwareprodukte und Features,Zvoove Software Products and Features
schichtplan reinigung software,commercial,longtail,Funktion,72,44,7.86,ads,1.6,estimated,9,10,false,Gebäudereinigungs-Spezialisoftware,Building Cleaning Specialized Software
llm im personalwesen,informational,longtail,Trend,45,29,1.67,video,1.6,estimated,6,7,false,Personaleinsatzplanung und Verwaltung,Personnel Scheduling and Administration
lohnabrechnung lexware vs datev,commercial,longtail,Comparison,98,61,7.46,ads | shopping | site-links,1.6,estimated,10,11,false,HR-Verwaltungssoftware für KMU,HR Administration Software for SMEs
cloud erp zeitarbeit,commercial,longtail,Cloud-Trend,49,31,4.03,ads | shopping,1.6,estimated,1,2,false,Zeiterfassungs- und Arbeitszeitverwaltung,Time Tracking and Work Hour Management
zvoove vs prosoft,commercial,longtail,Comparison-Query,93,60,2.52,site-links,1.6,estimated,3,4,false,Zvoove Softwareprodukte und Features,Zvoove Software Products and Features
zeitarbeit software open source,commercial,longtail,Sparvariante,95,61,6.51,site-links,1.6,estimated,1,2,false,Zeiterfassungs- und Arbeitszeitverwaltung,Time Tracking and Work Hour Management
all in one zeitarbeit software,commercial,longtail,Komplettlösung,64,41,10.91,ads | site-links,1.6,estimated,1,2,false,Zeiterfassungs- und Arbeitszeitverwaltung,Time Tracking and Work Hour Management
resume parsing tool,commercial,longtail,Tool,66,41,5.62,ads | shopping,1.6,estimated,2,3,false,KI-gestützte Recruiting-Automatisierung,AI-Powered Recruiting Automation
job multiposting tool,commercial,longtail,Funktion,100,65,6.99,shopping,1.5,estimated,6,7,false,Personaleinsatzplanung und Verwaltung,Personnel Scheduling and Administration
zvoove one preise,commercial,longtail,Kaufintention hoch,88,58,6.98,site-links,1.5,estimated,3,4,false,Zvoove Softwareprodukte und Features,Zvoove Software Products and Features
lohnabrechnung outsourcing kosten,commercial,longtail,Pricing,94,63,4.52,site-links,1.5,estimated,8,9,false,Liquidität und Tarifkosten Zeitarbeit,Liquidity Management and Wage Tariffs
schnittstelle zeitarbeit indeed,commercial,longtail,Integration,74,50,3.54,site-links,1.5,estimated,12,13,false,Zeitarbeit Software und Prozessmanagement,Temporary Work Software and Process Management
zeitarbeit beschäftigte zahl,informational,longtail,Statistik,21,15,1.38,featured-snippet | people-also-ask,1.4,estimated,11,12,false,Arbeitnehmerüberlassung Recht und Compliance,Employee Leasing Law and Compliance
factoring zinsen,commercial,body,Pricing,80,59,8.79,shopping | site-links,1.4,estimated,0,1,false,Factoring Buchhaltung und Genehmigung,Factoring Accounting and Licensing
ki lohnabrechnung prüfung,informational,longtail,Tech,14,10,1.35,people-also-ask | video,1.4,estimated,4,5,false,Personalgewinnung und Bewerbermanagement Catch-all,Talent Acquisition and Applicant Management Catch-all
zeitarbeit software windows,commercial,longtail,Plattform,44,31,8.2,site-links,1.4,estimated,1,2,false,Zeiterfassungs- und Arbeitszeitverwaltung,Time Tracking and Work Hour Management
landwer zeitarbeit software,commercial,longtail,Wettbewerb,55,39,4.75,ads,1.4,estimated,1,2,false,Zeiterfassungs- und Arbeitszeitverwaltung,Time Tracking and Work Hour Management
schichtplanung zeitarbeit,commercial,longtail,Spezialisierung,88,64,9.55,ads | shopping,1.4,estimated,12,13,false,Zeitarbeit Software und Prozessmanagement,Temporary Work Software and Process Management
nfc zeiterfassung gebäudereinigung,commercial,longtail,Tech,60,45,6.75,site-links,1.3,estimated,9,10,false,Gebäudereinigungs-Spezialisoftware,Building Cleaning Specialized Software
zvoove vs landwehr,commercial,longtail,Comparison-Query,61,46,6.98,site-links,1.3,estimated,3,4,false,Zvoove Softwareprodukte und Features,Zvoove Software Products and Features
igz lohntabelle 2026,informational,longtail,Tarif aktuell,38,30,0.73,featured-snippet | people-also-ask,1.3,estimated,8,9,false,Liquidität und Tarifkosten Zeitarbeit,Liquidity Management and Wage Tariffs
nachhaltigkeit personaldienstleistung,informational,longtail,Trend,55,42,0.59,featured-snippet | video,1.3,estimated,6,7,false,Personaleinsatzplanung und Verwaltung,Personnel Scheduling and Administration
training erp personaldienstleister,commercial,longtail,Service,66,55,9.65,site-links,1.2,estimated,6,7,false,Personaleinsatzplanung und Verwaltung,Personnel Scheduling and Administration
software für reinigungsfirmen,commercial,longtail,Synonym,73,59,2.73,shopping,1.2,estimated,9,10,false,Gebäudereinigungs-Spezialisoftware,Building Cleaning Specialized Software
prosoft zeitarbeit alternative,commercial,longtail,Wettbewerber-Switch,55,45,9.03,ads | shopping | site-links,1.2,estimated,12,13,false,Zeitarbeit Software und Prozessmanagement,Temporary Work Software and Process Management
arbeitsvertrag zeitarbeit erstellen,informational,longtail,Aufgabe,35,29,1.5,people-also-ask | video,1.2,estimated,11,12,false,Arbeitnehmerüberlassung Recht und Compliance,Employee Leasing Law and Compliance
zvoove erfahrungen,commercial,body,Brand Reputation,87,73,8.79,site-links,1.2,estimated,3,4,false,Zvoove Softwareprodukte und Features,Zvoove Software Products and Features
größte zeitarbeitsfirma deutschland,informational,longtail,Marktanalyse,30,27,1.9,featured-snippet | people-also-ask | video,1.1,estimated,5,6,false,Zeitarbeit Regulierung und Markttrends,Temporary Work Regulation and Market Trends
ki ethik recruiting,informational,longtail,Diskurs,10,10,1.78,people-also-ask,1.0,estimated,2,3,false,KI-gestützte Recruiting-Automatisierung,AI-Powered Recruiting Automation
roi rechner personalsoftware,commercial,longtail,Tool,43,44,6.62,shopping,1.0,estimated,10,11,false,HR-Verwaltungssoftware für KMU,HR Administration Software for SMEs
aüg software cloud,commercial,longtail,Cloud,57,56,6.93,ads | site-links,1.0,estimated,1,2,false,Zeiterfassungs- und Arbeitszeitverwaltung,Time Tracking and Work Hour Management
schulung zeitarbeit software,commercial,longtail,Service,64,62,10.32,site-links,1.0,estimated,1,2,false,Zeiterfassungs- und Arbeitszeitverwaltung,Time Tracking and Work Hour Management
papierlose lohnabrechnung,informational,longtail,Trend,30,31,1.08,featured-snippet | people-also-ask,1.0,estimated,4,5,false,Personalgewinnung und Bewerbermanagement Catch-all,Talent Acquisition and Applicant Management Catch-all
zeitarbeit eu vergleich,informational,longtail,Marktanalyse,32,33,1.79,people-also-ask,1.0,estimated,12,13,false,Zeitarbeit Software und Prozessmanagement,Temporary Work Software and Process Management
arbeitszeiterfassung urteil eugh,informational,longtail,Rechtsprechung,41,40,0.97,featured-snippet | people-also-ask,1.0,estimated,12,13,false,Zeitarbeit Software und Prozessmanagement,Temporary Work Software and Process Management
einsatzplanung reinigungskräfte,commercial,longtail,Funktion,36,36,5.98,shopping | site-links,1.0,estimated,9,10,false,Gebäudereinigungs-Spezialisoftware,Building Cleaning Specialized Software
scheinselbstständigkeit aüg,informational,longtail,Risiko,25,29,0.35,featured-snippet,0.9,estimated,4,5,false,Personalgewinnung und Bewerbermanagement Catch-all,Talent Acquisition and Applicant Management Catch-all
zeitarbeit umsatz statistik,informational,longtail,Statistik,36,42,1.32,featured-snippet | video,0.9,estimated,12,13,false,Zeitarbeit Software und Prozessmanagement,Temporary Work Software and Process Management
papierloses büro zeitarbeit,informational,longtail,Trend,23,25,1.14,featured-snippet,0.9,estimated,12,13,false,Zeitarbeit Software und Prozessmanagement,Temporary Work Software and Process Management
bewerber gewinnen zeitarbeit,informational,longtail,Spezialisierung,16,17,1.23,featured-snippet | video,0.9,estimated,11,12,false,Arbeitnehmerüberlassung Recht und Compliance,Employee Leasing Law and Compliance
ki cv parsing,commercial,longtail,Tech,35,40,2.51,shopping | site-links,0.9,estimated,2,3,false,KI-gestützte Recruiting-Automatisierung,AI-Powered Recruiting Automation
unfallversicherung zeitarbeitnehmer,informational,longtail,Versicherung,37,41,0.82,people-also-ask | video,0.9,estimated,11,12,false,Arbeitnehmerüberlassung Recht und Compliance,Employee Leasing Law and Compliance
höchstüberlassungsdauer 18 monate,informational,longtail,Konkret,23,25,2.46,featured-snippet | people-also-ask,0.9,estimated,5,6,false,Zeitarbeit Regulierung und Markttrends,Temporary Work Regulation and Market Trends
lohnabrechnung fehler vermeiden,informational,longtail,Risiko,25,31,0.37,featured-snippet | people-also-ask,0.8,estimated,4,5,false,Personalgewinnung und Bewerbermanagement Catch-all,Talent Acquisition and Applicant Management Catch-all
stundenerfassung kunde,informational,longtail,Workflow,21,27,1.67,featured-snippet,0.8,estimated,12,13,false,Zeitarbeit Software und Prozessmanagement,Temporary Work Software and Process Management
software zeitarbeit kmu,commercial,longtail,Segment KMU,27,34,4.4,site-links,0.8,estimated,1,2,false,Zeiterfassungs- und Arbeitszeitverwaltung,Time Tracking and Work Hour Management
zvoove demo termin,commercial,longtail,Lead-Stage,45,55,7.53,shopping,0.8,estimated,3,4,false,Zvoove Softwareprodukte und Features,Zvoove Software Products and Features
zeitersparnis durch software,commercial,longtail,USP,30,37,6.2,ads | site-links,0.8,estimated,1,2,false,Zeiterfassungs- und Arbeitszeitverwaltung,Time Tracking and Work Hour Management
benchmark zeitarbeit kennzahlen,informational,longtail,KPI,33,40,2.25,people-also-ask | video,0.8,estimated,12,13,false,Zeitarbeit Software und Prozessmanagement,Temporary Work Software and Process Management
krankmeldung digital zeitarbeit,informational,longtail,Prozess,27,33,2.35,featured-snippet,0.8,estimated,7,8,false,Digitalisierung Personaldienstleistungen und KI,Digital Transformation of HR Services and AI
objektkartei reinigung,informational,longtail,Branche,33,46,0.67,featured-snippet | video,0.7,estimated,9,10,false,Gebäudereinigungs-Spezialisoftware,Building Cleaning Specialized Software
gesundheitsmanagement zeitarbeit,informational,longtail,Strategie,27,37,1.6,featured-snippet | people-also-ask,0.7,estimated,12,13,false,Zeitarbeit Software und Prozessmanagement,Temporary Work Software and Process Management
karriereseite zeitarbeit,informational,longtail,Spezialisierung,11,16,1.84,featured-snippet | people-also-ask,0.7,estimated,11,12,false,Arbeitnehmerüberlassung Recht und Compliance,Employee Leasing Law and Compliance
beste zeitarbeit software,commercial,longtail,Vergleichsabsicht,37,50,8.84,ads | shopping,0.7,estimated,1,2,false,Zeiterfassungs- und Arbeitszeitverwaltung,Time Tracking and Work Hour Management
zeiterfassung betriebsrat,informational,longtail,Mitbestimmung,14,20,0.62,video,0.7,estimated,12,13,false,Zeitarbeit Software und Prozessmanagement,Temporary Work Software and Process Management
aüg software vergleich,commercial,longtail,Vergleich,30,43,3.32,shopping,0.7,estimated,10,11,false,HR-Verwaltungssoftware für KMU,HR Administration Software for SMEs
effizienz steigern personaldienstleister,informational,longtail,Strategie,15,22,1.59,video,0.7,estimated,6,7,false,Personaleinsatzplanung und Verwaltung,Personnel Scheduling and Administration
time to hire optimieren,informational,longtail,KPI,29,45,1.61,featured-snippet,0.6,estimated,11,12,false,Arbeitnehmerüberlassung Recht und Compliance,Employee Leasing Law and Compliance
arbeitsvertrag zeitarbeitnehmer muster,informational,longtail,Vorlage,23,41,0.99,people-also-ask | video,0.6,estimated,11,12,false,Arbeitnehmerüberlassung Recht und Compliance,Employee Leasing Law and Compliance
schnittstelle zeitarbeit datev,commercial,longtail,Integration,25,41,5.56,shopping,0.6,estimated,12,13,false,Zeitarbeit Software und Prozessmanagement,Temporary Work Software and Process Management
zeitarbeit komplettsystem,commercial,longtail,USP,33,51,4.97,ads | site-links,0.6,estimated,12,13,false,Zeitarbeit Software und Prozessmanagement,Temporary Work Software and Process Management
chatbot bewerbung,commercial,longtail,Tool,29,52,7.16,shopping,0.6,estimated,2,3,false,KI-gestützte Recruiting-Automatisierung,AI-Powered Recruiting Automation
zvoove one kosten,commercial,longtail,Kaufintention hoch,40,65,10.46,ads | shopping | site-links,0.6,estimated,3,4,false,Zvoove Softwareprodukte und Features,Zvoove Software Products and Features
ki datenschutz bewerber,informational,longtail,Compliance,23,42,1.67,featured-snippet | people-also-ask,0.5,estimated,7,8,false,Digitalisierung Personaldienstleistungen und KI,Digital Transformation of HR Services and AI
ki email sourcing,commercial,longtail,Tool,30,56,10.71,ads | shopping | site-links,0.5,estimated,2,3,false,KI-gestützte Recruiting-Automatisierung,AI-Powered Recruiting Automation
zvoove payroll erfahrungen,commercial,longtail,Reviews,31,62,9.21,shopping,0.5,estimated,3,4,false,Zvoove Softwareprodukte und Features,Zvoove Software Products and Features
zvoove implementierung,commercial,longtail,Onboarding,25,53,11.48,ads,0.5,estimated,3,4,false,Zvoove Softwareprodukte und Features,Zvoove Software Products and Features
zeitarbeit software test,commercial,longtail,Bottom-Funnel,30,63,10.96,shopping,0.5,estimated,1,2,false,Zeiterfassungs- und Arbeitszeitverwaltung,Time Tracking and Work Hour Management
zeiterfassung reinigungskräfte,commercial,longtail,Tool,31,57,6.17,ads | shopping | site-links,0.5,estimated,9,10,false,Gebäudereinigungs-Spezialisoftware,Building Cleaning Specialized Software
e signatur arbeitsvertrag,commercial,longtail,Tool,22,62,11.47,site-links,0.4,estimated,11,12,false,Arbeitnehmerüberlassung Recht und Compliance,Employee Leasing Law and Compliance
zvoove case study lohn,commercial,longtail,Asset,22,50,4.29,shopping,0.4,estimated,3,4,false,Zvoove Softwareprodukte und Features,Zvoove Software Products and Features
anwenderbericht zeitarbeit,commercial,longtail,Marketing,17,44,6.85,ads | shopping | site-links,0.4,estimated,12,13,false,Zeitarbeit Software und Prozessmanagement,Temporary Work Software and Process Management
linkedin recruiter kosten,informational,longtail,Pricing,17,44,1.18,featured-snippet,0.4,estimated,2,3,false,KI-gestützte Recruiting-Automatisierung,AI-Powered Recruiting Automation
urlaubsantrag digital,commercial,longtail,Tool,18,48,7.8,site-links,0.4,estimated,7,8,false,Digitalisierung Personaldienstleistungen und KI,Digital Transformation of HR Services and AI
intelligent document processing personalakte,commercial,longtail,Tech,21,54,6.75,shopping,0.4,estimated,7,8,false,Digitalisierung Personaldienstleistungen und KI,Digital Transformation of HR Services and AI
zeiterfassung gps,commercial,longtail,Tech,13,37,6.43,ads | shopping | site-links,0.4,estimated,12,13,false,Zeitarbeit Software und Prozessmanagement,Temporary Work Software and Process Management
ki stellenanzeige generieren,commercial,longtail,Tool,22,66,5.33,ads | shopping | site-links,0.3,estimated,4,5,false,Personalgewinnung und Bewerbermanagement Catch-all,Talent Acquisition and Applicant Management Catch-all
clockodo alternative,commercial,longtail,Wettbewerb,17,62,2.27,shopping,0.3,estimated,12,13,false,Zeitarbeit Software und Prozessmanagement,Temporary Work Software and Process Management
bewerberkommunikation chatbot,commercial,longtail,KI,20,66,9.96,ads | shopping,0.3,estimated,2,3,false,KI-gestützte Recruiting-Automatisierung,AI-Powered Recruiting Automation
cv parser deutsch,commercial,longtail,Tool,20,66,10.67,ads | shopping,0.3,estimated,5,6,false,Zeitarbeit Regulierung und Markttrends,Temporary Work Regulation and Market Trends
backup strategie zeitarbeit,informational,longtail,Tech,10,38,0.4,video,0.3,estimated,12,13,false,Zeitarbeit Software und Prozessmanagement,Temporary Work Software and Process Management
